Year, Month,  Highest, MHHW, MHW, MSL, MTL, MLW, MLLW, DTL, GT, MN, DHQ, DLQ, HWI, LWI, Lowest, Inferred 
1938,6,1.177,,0.683,,-0.048,-0.783,,,,1.466,,,0.430,5.940,-1.109,0
1938,7,1.177,,0.702,-0.070,-0.030,-0.764,,,,1.466,,,0.540,5.940,-1.048,0
1938,8,1.116,,0.708,-0.051,-0.018,-0.740,,,,1.448,,,0.590,5.920,-1.109,0
1938,9,4.652,,,,,,,,,,,,,,-1.048,0
1938,11,1.208,,,,,,,,,,,,,,-1.109,0
1938,12,1.177,,0.589,-0.155,-0.115,-0.819,,,,1.408,,,0.500,6.040,-1.414,0
1939,1,1.238,,0.583,-0.188,-0.152,-0.883,,,,1.466,,,0.560,5.890,-1.566,0
1939,2,1.177,,0.604,-0.173,-0.134,-0.871,,,,1.475,,,0.420,5.820,-1.414,0
1939,3,1.208,,0.604,-0.161,-0.121,-0.850,,,,1.454,,,0.480,6.030,-1.597,0
1939,4,1.421,,0.674,-0.109,-0.067,-0.810,,,,1.484,,,0.500,5.960,-1.170,0
1939,5,1.086,,0.702,-0.088,-0.036,-0.771,,,,1.472,,,0.420,5.870,-1.109,0
1939,6,0.964,,0.714,-0.054,-0.012,-0.740,,,,1.454,,,0.480,5.890,-1.048,0
1939,7,0.781,,0.702,-0.048,-0.009,-0.719,,,,1.420,,,,,-0.865,5
1939,8,1.208,,0.723,-0.033,0.001,-0.725,,,,1.448,,,0.410,5.850,-1.139,0
1939,9,1.147,,0.711,-0.039,-0.018,-0.746,,,,1.457,,,0.410,6.010,-1.170,0
1939,10,1.208,,0.689,-0.082,-0.048,-0.783,,,,1.472,,,0.560,5.870,-1.200,0
1939,11,0.964,,0.631,-0.140,-0.094,-0.819,,,,1.451,,,0.470,5.860,-1.475,0
1939,12,1.086,,0.650,-0.143,-0.097,-0.847,,,,1.497,,,0.470,5.900,-1.688,0
1940,1,1.086,,0.592,-0.188,-0.137,-0.865,,,,1.457,,,0.320,5.940,-1.322,0
1940,2,1.147,,0.674,-0.103,-0.048,-0.774,,,,1.448,,,0.430,5.900,-1.292,0
1940,3,1.025,,0.607,-0.158,-0.103,-0.813,,,,1.420,,,0.350,5.880,-1.597,0
1940,4,1.269,,0.644,-0.121,-0.060,-0.768,,,,1.411,,,0.400,5.960,-1.170,0
1940,5,1.147,,0.695,-0.051,-0.009,-0.713,,,,1.408,,,0.530,5.920,-1.078,0
1940,6,1.086,,0.708,-0.048,0.001,-0.710,,,,1.417,,,0.560,5.900,-0.957,0
1940,7,0.933,,0.683,-0.070,-0.033,-0.749,,,,1.433,,,0.500,5.930,-1.048,0
1940,8,0.994,,0.671,-0.085,-0.048,-0.771,,,,1.442,,,0.480,5.950,-1.048,0
1940,9,1.116,,0.711,-0.067,-0.027,-0.764,,,,1.475,,,0.530,5.910,-1.078,0
1940,10,1.238,,0.732,-0.067,-0.018,-0.768,,,,1.500,,,0.480,5.830,-1.139,0
1940,11,1.329,,0.668,-0.124,-0.073,-0.813,,,,1.481,,,0.460,6.000,-1.292,0
1940,12,1.269,,0.653,-0.124,-0.085,-0.825,,,,1.478,,,0.430,5.840,-1.292,0
1941,1,1.055,,0.619,-0.143,-0.094,-0.807,,,,1.426,,,0.420,5.840,-1.200,0
1941,2,1.055,,0.589,-0.176,-0.124,-0.838,,,,1.426,,,0.470,5.860,-1.292,0
1941,3,1.055,,0.546,-0.195,-0.152,-0.850,,,,1.396,,,0.380,5.830,-1.322,0
1941,4,1.055,,0.625,-0.109,-0.070,-0.764,,,,1.390,,,0.390,5.920,-1.200,0
1941,5,1.269,,0.650,-0.094,-0.051,-0.755,,,,1.405,,,0.420,5.810,-1.048,0
1941,6,1.116,,0.692,-0.057,-0.021,-0.737,,,,1.430,,,0.480,5.900,-1.170,0
1941,7,1.116,,0.726,-0.042,-0.002,-0.734,,,,1.460,,,0.560,5.910,-0.957,0
1941,8,1.025,,0.717,-0.057,-0.009,-0.737,,,,1.454,,,0.400,5.830,-0.987,0
1941,9,1.116,,0.680,-0.070,-0.045,-0.771,,,,1.451,,,0.400,5.940,-1.109,0
1941,10,1.238,,0.686,-0.076,-0.042,-0.771,,,,1.457,,,0.380,6.020,-1.292,0
1941,11,1.116,,0.638,-0.118,-0.079,-0.795,,,,1.433,,,0.470,6.020,-1.261,0
1941,12,1.269,,0.613,-0.149,-0.118,-0.847,,,,1.460,,,0.490,5.980,-1.261,0
1942,1,1.360,,0.592,-0.167,-0.121,-0.832,,,,1.423,,,0.460,6.010,-1.383,0
1942,2,1.055,,0.589,-0.155,-0.112,-0.813,,,,1.402,,,0.350,5.920,-1.475,0
1942,3,1.787,,0.677,-0.088,-0.048,-0.774,,,,1.451,,,0.340,5.990,-1.109,0
1942,4,1.055,,0.662,-0.091,-0.054,-0.768,,,,1.430,,,0.420,5.940,-1.109,0
1942,5,1.116,,0.683,-0.094,-0.057,-0.798,,,,1.481,,,0.470,5.980,-1.231,0
1942,6,1.086,,0.729,-0.039,0.004,-0.722,,,,1.451,,,0.510,5.900,-1.139,0
1942,7,1.147,,0.729,-0.048,-0.006,-0.737,,,,1.466,,,0.530,6.050,-1.048,0
1942,8,1.055,,0.708,-0.051,-0.012,-0.734,,,,1.442,,,0.330,5.920,-1.078,0
1942,9,1.147,,0.726,-0.024,0.013,-0.704,,,,1.430,,,0.480,5.910,-1.048,0
1942,10,1.055,,0.692,-0.051,-0.018,-0.725,,,,1.417,,,0.410,5.850,-1.109,0
1942,11,1.329,,0.662,-0.088,-0.045,-0.755,,,,1.417,,,0.420,6.030,-1.139,0
1942,12,1.451,,0.607,-0.161,-0.121,-0.850,,,,1.457,,,,,-1.536,5
1943,1,0.994,,0.558,-0.195,-0.152,-0.862,,,,1.420,,,,,-1.505,5
1943,2,1.177,,0.598,-0.170,-0.140,-0.880,,,,1.478,,,0.530,5.940,-1.231,0
1943,3,1.512,,0.555,-0.195,-0.158,-0.871,,,,1.426,,,0.480,5.990,-1.353,0
1943,4,1.025,,0.610,-0.155,-0.121,-0.850,,,,1.460,,,0.420,6.000,-1.231,0
1943,5,1.025,,0.641,-0.127,-0.082,-0.804,,,,1.445,,,0.500,5.880,-1.170,0
1943,6,1.147,,0.692,-0.060,-0.015,-0.722,,,,1.414,,,0.580,5.970,-1.048,0
1943,7,1.147,,0.677,-0.063,-0.027,-0.731,,,,1.408,,,0.630,6.010,-1.048,0
1943,8,1.208,,0.708,-0.027,0.010,-0.688,,,,1.396,,,0.620,5.960,-1.048,0
1943,9,1.177,,0.665,-0.079,-0.042,-0.752,,,,1.417,,,0.530,5.980,-1.139,0
1943,10,1.116,,0.717,-0.018,0.010,-0.697,,,,1.414,,,0.590,5.970,-1.078,0
1943,11,1.177,,0.677,-0.088,-0.036,-0.749,,,,1.426,,,0.480,6.020,-1.109,7
1943,12,1.116,,0.531,-0.234,-0.195,-0.920,,,,1.451,,,0.430,5.880,-1.658,0
1944,1,0.994,,0.552,-0.204,-0.158,-0.871,,,,1.423,,,0.480,5.800,-1.292,0
1944,2,1.360,,0.580,-0.201,-0.158,-0.899,,,,1.478,,,0.520,5.990,-1.261,0
1944,3,1.208,,0.549,-0.188,-0.158,-0.862,,,,1.411,,,0.460,5.880,-1.261,0
1944,4,1.025,,0.619,-0.121,-0.079,-0.777,,,,1.396,,,0.440,5.840,-1.170,0
1944,5,1.025,,0.598,-0.121,-0.085,-0.764,,,,1.362,,,0.470,5.890,-1.017,0
1944,6,1.177,,0.699,-0.039,0.010,-0.679,,,,1.378,,,0.560,5.990,-1.017,0
1944,7,0.994,,0.695,-0.042,-0.006,-0.704,,,,1.399,,,0.540,5.900,-0.926,0
1944,8,1.116,,0.683,-0.060,-0.027,-0.737,,,,1.420,,,0.560,5.900,-0.957,0
1944,9,2.579,,0.720,-0.060,-0.018,-0.752,,,,1.472,,,0.610,5.950,-1.170,0
1944,10,1.208,,0.714,-0.073,-0.024,-0.761,,,,1.475,,,0.490,5.950,-1.231,0
1944,11,1.726,,0.760,-0.002,0.049,-0.658,,,,1.417,,,0.570,6.100,-1.231,0
1944,12,1.421,,0.558,-0.188,-0.140,-0.841,,,,1.399,,,0.590,5.860,-1.536,0
1945,1,1.086,,0.528,-0.201,-0.152,-0.835,,,,1.362,,,0.540,5.860,-1.475,0
1945,2,1.147,,0.555,-0.182,-0.137,-0.829,,,,1.384,,,0.600,5.990,-1.231,0
1945,3,1.116,,0.628,-0.106,-0.063,-0.755,,,,1.384,,,0.620,5.930,-1.170,0
1945,4,1.116,,0.631,-0.097,-0.060,-0.755,,,,1.387,,,0.540,6.110,-1.170,0
1945,5,1.451,,0.720,-0.002,0.025,-0.667,,,,1.387,,,0.590,5.910,-1.719,0
1945,6,1.086,,0.711,-0.039,0.019,-0.670,,,,1.381,,,0.570,5.910,-1.017,0
1945,7,1.025,,0.726,-0.021,0.025,-0.676,,,,1.402,,,0.540,5.860,-0.865,0
1945,8,1.025,,0.683,-0.060,-0.024,-0.731,,,,1.414,,,0.530,6.030,-1.048,0
1945,9,1.147,,0.689,-0.054,-0.012,-0.710,,,,1.399,,,0.510,5.900,-1.231,0
1945,10,1.269,,0.717,-0.024,0.013,-0.694,,,,1.411,,,0.580,6.050,-1.231,0
1945,11,1.695,,0.714,-0.009,0.031,-0.652,,,,1.366,,,0.600,6.140,-1.231,0
1945,12,1.238,,0.695,-0.018,0.025,-0.646,,,,1.341,,,0.660,5.960,-1.170,0
1946,1,1.086,,0.580,-0.121,-0.091,-0.758,,,,1.338,,,0.560,5.990,-1.322,0
1946,2,1.055,,0.555,-0.155,-0.127,-0.813,,,,1.369,,,0.470,6.160,-1.444,0
1946,3,0.933,,0.616,-0.100,-0.063,-0.743,,,,1.359,,,0.540,5.930,-1.109,0
1946,4,1.269,,0.668,-0.063,-0.024,-0.719,,,,1.387,,,0.540,5.870,-1.109,0
1946,5,1.269,,0.686,-0.063,-0.021,-0.728,,,,1.414,,,0.310,5.860,-1.170,0
1946,6,1.116,,0.692,-0.045,-0.006,-0.700,,,,1.393,,,0.550,5.800,-1.017,0
1946,7,1.025,,0.692,-0.039,0.001,-0.688,,,,1.381,,,0.550,5.940,-0.957,0
1946,8,1.025,,0.686,-0.024,0.007,-0.670,,,,1.356,,,0.530,5.970,-0.926,0
1946,9,0.994,,0.662,-0.045,-0.018,-0.700,,,,1.362,,,0.570,5.970,-0.957,0
1946,10,1.177,,0.662,-0.048,-0.006,-0.670,,,,1.332,,,0.580,5.980,-0.896,0
1946,11,1.299,,0.644,-0.063,-0.030,-0.700,,,,1.344,,,0.580,6.070,-1.048,0
1946,12,1.147,,0.567,-0.149,-0.103,-0.777,,,,1.344,,,0.490,6.060,-1.353,0
1947,1,1.116,,0.601,-0.131,-0.094,-0.789,,,,1.390,,,0.420,6.030,-1.566,0
1947,2,1.299,,0.586,-0.134,-0.100,-0.786,,,,1.372,,,0.490,6.090,-1.353,0
1947,3,1.573,,0.656,-0.067,-0.021,-0.697,,,,1.353,,,0.430,6.090,-1.139,0
1947,4,1.025,,0.619,-0.097,-0.057,-0.731,,,,1.350,,,0.500,6.010,-1.048,0
1947,5,1.086,,0.665,-0.045,-0.012,-0.688,,,,1.353,,,0.470,5.950,-1.078,0
1947,6,1.147,,,,,,,,,,,,,,-0.926,0
1956,9,1.147,,0.760,0.001,0.034,-0.691,,,,1.451,,,0.470,6.000,-1.017,0
1956,10,1.147,,0.729,-0.030,0.007,-0.719,,,,1.448,,,0.480,5.940,-1.078,0
1956,11,1.147,,0.738,-0.039,0.007,-0.722,,,,1.460,,,0.490,5.940,-1.261,0
1956,12,1.086,,0.668,-0.094,-0.042,-0.755,,,,1.423,,,0.510,5.850,-1.536,0
1957,1,1.086,,0.537,-0.204,-0.176,-0.886,,,,1.423,,,0.550,5.890,-1.322,0
1957,2,1.269,,0.598,-0.131,-0.106,-0.810,,,,1.408,,,0.540,5.900,-1.292,0
1957,3,1.208,,0.692,-0.054,-0.006,-0.707,,,,1.399,,,0.390,5.900,-1.078,0
1957,4,1.086,,0.595,-0.137,-0.115,-0.829,,,,1.423,,,0.410,5.910,-1.261,0
1957,5,1.055,,0.677,-0.070,-0.030,-0.734,,,,1.411,,,0.420,5.790,-0.957,0
1957,6,1.238,,0.720,-0.036,0.007,-0.710,,,,1.430,,,0.490,5.860,-0.926,0
1957,7,1.086,,0.741,-0.021,0.019,-0.704,,,,1.445,,,0.450,5.890,-1.017,0
1957,8,1.269,,0.720,-0.048,-0.012,-0.746,,,,1.466,,,0.490,5.840,-1.231,0
1957,9,1.238,,0.705,-0.045,-0.012,-0.728,,,,1.433,,,0.470,5.860,-1.078,0
1957,10,1.238,,0.708,-0.033,0.007,-0.694,,,,1.402,,,0.400,5.880,-1.170,0
1957,11,1.238,,0.677,-0.063,-0.036,-0.749,,,,1.426,,,0.390,5.900,-1.109,0
1957,12,1.086,,0.616,-0.115,-0.076,-0.768,,,,1.384,,,0.360,5.950,-1.139,0
1958,1,1.238,,0.705,-0.027,0.016,-0.673,,,,1.378,,,0.450,5.990,-1.170,0
1958,2,1.238,,0.671,-0.079,-0.045,-0.758,,,,1.430,,,0.460,5.610,-1.139,0
1958,3,1.269,,0.811,0.058,0.107,-0.600,,,,1.411,,,0.560,6.000,-1.170,0
1958,4,1.543,,0.784,0.022,0.071,-0.646,,,,1.430,,,0.460,5.960,-0.896,0
1958,5,1.208,,0.726,-0.054,0.001,-0.725,,,,1.451,,,0.460,5.880,-1.170,0
1958,6,1.116,,0.750,-0.015,0.028,-0.691,,,,1.442,,,0.580,5.860,-0.957,0
1958,7,1.025,,0.750,-0.015,0.022,-0.707,,,,1.457,,,0.630,5.900,-0.896,0
1958,8,1.208,,0.744,0.007,0.028,-0.685,,,,1.430,,,0.610,5.840,-0.926,0
1958,9,1.208,,0.753,0.019,0.037,-0.679,,,,1.433,,,0.570,5.890,-1.139,0
1958,10,1.177,,0.778,0.049,0.071,-0.636,,,,1.414,,,0.500,5.920,-1.231,0
1958,11,1.421,,0.747,-0.021,0.004,-0.740,,,,1.487,,,0.430,5.900,-1.597,0
1958,12,1.208,,0.644,-0.127,-0.082,-0.810,,,,1.454,,,0.460,5.840,-1.353,0
1959,1,0.964,,0.598,-0.161,-0.121,-0.838,,,,1.436,,,0.450,5.900,-1.779,0
1959,2,0.964,,0.546,-0.207,-0.185,-0.917,,,,1.463,,,0.310,5.840,-1.627,0
1959,3,1.269,,0.635,-0.121,-0.091,-0.816,,,,1.451,,,0.400,5.840,-1.322,0
1959,4,1.238,,0.695,-0.070,-0.030,-0.752,,,,1.448,,,0.390,5.800,-1.048,0
1959,5,1.147,,0.628,-0.124,-0.091,-0.807,,,,1.436,,,0.410,5.790,-1.139,0
1959,6,1.177,,0.717,-0.024,0.007,-0.707,,,,1.423,,,0.520,5.850,-0.987,0
1959,7,1.116,,0.665,-0.063,-0.036,-0.734,,,,1.399,,,0.400,5.890,-0.987,0
1959,8,0.994,,0.717,0.004,0.025,-0.670,,,,1.387,,,0.460,5.930,-0.957,0
1959,9,1.025,,0.714,-0.027,-0.006,-0.722,,,,1.436,,,0.450,5.850,-0.957,0
1959,10,1.177,,0.760,0.004,0.034,-0.691,,,,1.451,,,0.330,5.870,-1.078,0
1959,11,1.238,,0.695,-0.067,-0.039,-0.774,,,,1.469,,,0.380,5.910,-1.261,0
1959,12,1.390,,0.711,-0.051,-0.024,-0.758,,,,1.469,,,0.440,5.890,-1.200,0
1960,1,1.512,,0.695,-0.085,-0.045,-0.786,,,,1.481,,,0.670,5.890,-1.231,0
1960,2,1.543,,0.692,-0.045,-0.015,-0.722,,,,1.414,,,0.480,5.990,-1.231,0
1960,3,1.025,,0.699,-0.048,-0.012,-0.722,,,,1.420,,,0.490,5.830,-1.414,0
1960,4,1.086,,0.714,-0.006,0.019,-0.676,,,,1.390,,,0.580,6.320,-1.048,0
1960,5,1.208,,0.760,0.031,0.068,-0.624,,,,1.384,,,0.500,5.740,-0.957,0
1960,6,1.299,,0.787,0.016,0.074,-0.636,,,,1.423,,,0.630,5.990,-0.987,0
1960,7,1.360,,0.763,0.010,0.055,-0.655,,,,1.417,,,0.640,6.160,-1.017,0
1960,8,1.238,,0.775,0.010,0.055,-0.664,,,,1.439,,,0.390,5.900,-1.048,0
1960,9,2.244,,0.784,0.004,0.049,-0.688,,,,1.472,,,0.580,5.940,-0.987,0
1960,10,1.360,,0.787,0.010,0.055,-0.676,,,,1.463,,,0.510,6.120,-0.987,0
1960,11,1.208,,0.699,-0.060,-0.015,-0.728,,,,1.426,,,0.460,5.930,-1.078,0
1960,12,1.421,,0.644,-0.134,-0.085,-0.816,,,,1.460,,,0.500,5.940,-1.200,0
1961,1,1.421,,0.607,-0.143,-0.103,-0.810,,,,1.417,,,0.380,5.930,-1.231,0
1961,2,1.238,,0.674,-0.060,-0.021,-0.716,,,,1.390,,,0.450,5.740,-1.139,0
1961,3,1.177,,0.714,-0.002,0.010,-0.694,,,,1.408,,,0.420,5.910,-1.109,0
1961,4,1.238,,0.778,0.037,0.071,-0.636,,,,1.414,,,0.410,5.830,-0.987,0
1961,5,1.025,,0.720,-0.030,0.007,-0.710,,,,1.430,,,0.580,5.970,-1.048,0
1961,6,1.116,,0.714,-0.015,0.001,-0.713,,,,1.426,,,0.690,5.980,-1.017,0
1961,7,1.208,,0.769,-0.018,0.025,-0.722,,,,1.490,,,0.490,5.890,-1.017,0
1961,8,1.147,,0.708,-0.048,-0.024,-0.752,,,,1.460,,,0.480,5.840,-1.078,0
1961,9,1.299,,0.723,-0.024,0.022,-0.679,,,,1.402,,,0.520,5.920,-0.926,0
1961,10,1.329,,0.747,0.004,0.055,-0.633,,,,1.381,,,0.570,5.910,-0.896,0
1961,11,1.116,,0.683,-0.054,-0.012,-0.707,,,,1.390,,,0.430,5.830,-1.170,0
1961,12,1.238,,0.625,-0.103,-0.063,-0.752,,,,1.378,,,0.530,5.850,-1.231,0
1962,2,1.208,,0.659,-0.097,-0.057,-0.774,,,,1.433,,,0.500,5.810,-1.170,0
1962,3,1.604,,0.732,-0.015,0.034,-0.664,,,,1.396,,,0.270,6.090,-1.170,0
1962,4,1.147,,0.665,-0.094,-0.060,-0.783,,,,1.448,,,0.380,5.860,-1.261,0
1962,5,1.208,,0.717,-0.051,-0.018,-0.749,,,,1.466,,,0.400,5.810,-1.017,0
1962,6,1.055,,0.717,-0.030,0.007,-0.707,,,,1.423,,,0.640,5.910,-1.048,0
1962,7,1.055,,0.738,-0.006,0.031,-0.676,,,,1.414,,,0.720,6.030,-0.896,0
1962,8,1.147,,0.729,-0.015,0.016,-0.697,,,,1.426,,,0.410,5.860,-1.048,0
1962,9,1.177,,0.695,-0.045,-0.012,-0.719,,,,1.414,,,0.340,5.860,-1.139,0
1962,10,1.269,,0.735,0.007,0.037,-0.664,,,,1.399,,,0.390,5.800,-1.109,0
1962,11,1.269,,0.702,-0.006,0.016,-0.670,,,,1.372,,,0.390,5.900,-1.017,0
1962,12,1.604,,0.662,-0.076,-0.045,-0.752,,,,1.414,,,0.320,5.700,-1.505,0
1963,1,1.360,,0.653,-0.134,-0.076,-0.801,,,,1.454,,,0.460,5.750,-1.444,0
1963,2,0.964,,0.543,-0.210,-0.173,-0.893,,,,1.436,,,0.400,6.050,-1.383,0
1963,3,1.269,,0.650,-0.100,-0.057,-0.768,,,,1.417,,,0.500,5.950,-1.139,0
1963,4,1.177,,0.650,-0.082,-0.042,-0.734,,,,1.384,,,0.580,5.970,-1.505,0
1963,5,1.086,,0.635,-0.091,-0.057,-0.752,,,,1.387,,,0.380,5.860,-1.261,0
1963,6,1.147,,0.686,-0.042,-0.009,-0.707,,,,1.393,,,0.550,5.950,-1.048,0
1963,7,1.147,,0.680,-0.021,-0.002,-0.685,,,,1.366,,,0.540,5.960,-0.896,0
1963,8,1.055,,0.677,-0.033,-0.009,-0.697,,,,1.375,,,0.630,5.960,-1.017,0
1963,9,1.238,,0.692,-0.042,-0.015,-0.719,,,,1.411,,,0.400,5.920,-0.987,0
1963,10,1.238,,0.692,-0.063,-0.036,-0.764,,,,1.457,,,0.360,5.840,-1.139,0
1963,11,2.213,,0.769,0.022,0.058,-0.655,,,,1.423,,,0.390,5.900,-1.231,0
1963,12,1.238,,0.638,-0.155,-0.094,-0.822,,,,1.460,,,0.460,5.900,-1.444,0
1964,1,1.269,,0.662,-0.100,-0.045,-0.752,,,,1.414,,,0.270,5.860,-1.231,0
1964,2,1.147,,0.586,-0.161,-0.112,-0.813,,,,1.399,,,0.360,6.070,-1.353,0
1964,3,1.177,,0.635,-0.100,-0.057,-0.752,,,,1.387,,,0.470,6.000,-1.261,0
1964,4,1.025,,0.522,-0.179,-0.155,-0.835,,,,1.356,,,0.550,5.910,-1.261,0
1964,5,1.177,,0.622,-0.088,-0.051,-0.722,,,,1.344,,,0.400,5.790,-1.048,0
1964,6,1.208,,0.653,-0.073,-0.027,-0.710,,,,1.362,,,0.530,5.970,-1.048,0
1964,7,1.177,,0.662,-0.051,-0.018,-0.697,,,,1.359,,,0.590,5.960,-0.957,0
1964,8,1.055,,0.699,-0.036,-0.002,-0.700,,,,1.399,,,0.580,6.000,-0.987,0
1964,9,1.116,,0.692,-0.045,-0.006,-0.704,,,,1.396,,,0.340,5.900,-0.987,0
1964,10,1.025,,0.708,-0.036,0.004,-0.704,,,,1.411,,,0.520,6.090,-1.078,0
1964,11,1.482,,0.689,-0.030,-0.015,-0.719,,,,1.408,,,0.420,5.930,-1.231,0
1964,12,1.147,,0.619,-0.124,-0.085,-0.789,,,,1.408,,,0.520,6.010,-1.292,0
1965,1,1.269,,0.604,-0.124,-0.082,-0.768,,,,1.372,,,0.460,5.940,-1.322,0
1965,2,1.269,,0.610,-0.118,-0.082,-0.774,,,,1.384,,,0.350,5.820,-1.261,0
1965,3,1.147,,0.601,-0.140,-0.103,-0.810,,,,1.411,,,0.380,5.990,-1.414,0
1965,4,1.147,,0.668,-0.045,-0.018,-0.700,,,,1.369,,,0.530,5.900,-1.078,0
1965,5,1.086,,0.680,-0.048,-0.021,-0.722,,,,1.402,,,0.530,5.970,-0.987,0
1965,6,,,0.705,-0.030,0.001,-0.704,,,,1.408,,,,,,5
1965,7,,,0.702,-0.036,-0.006,-0.713,,,,1.414,,,,,,5
1965,8,1.147,,0.674,-0.054,-0.030,-0.731,,,,1.405,,,0.580,5.920,,0
1965,9,1.147,,0.668,-0.048,-0.024,-0.716,,,,1.384,,,0.600,5.970,-1.017,0
1965,10,1.238,,0.668,-0.036,-0.012,-0.688,,,,1.356,,,0.660,5.960,-0.987,0
1965,11,1.147,,0.671,-0.048,-0.006,-0.685,,,,1.356,,,0.520,6.100,-1.017,0
1965,12,1.025,,0.613,-0.109,-0.076,-0.764,,,,1.378,,,0.560,5.920,-1.200,0
1966,1,1.634,,0.622,-0.088,-0.067,-0.758,,,,1.381,,,0.470,5.880,-1.566,0
1966,2,1.086,,0.613,-0.100,-0.079,-0.774,,,,1.387,,,0.520,5.800,-1.170,0
1966,3,1.177,,0.659,-0.079,-0.036,-0.731,,,,1.390,,,0.570,5.890,-1.170,0
1966,4,1.238,,0.635,-0.085,-0.048,-0.734,,,,1.369,,,0.480,5.960,-1.109,0
1966,5,1.116,,0.665,-0.073,-0.030,-0.722,,,,1.387,,,0.560,5.880,-1.139,0
1966,6,0.933,,0.662,-0.039,0.001,-0.658,,,,1.320,,,0.790,6.190,-0.926,0
1966,7,1.025,,0.729,0.019,0.049,-0.633,,,,1.362,,,0.980,6.240,-0.896,0
1966,8,1.116,,0.702,-0.009,0.025,-0.649,,,,1.350,,,0.810,6.090,-1.017,0
1966,9,,,0.732,0.019,0.049,-0.633,,,,1.366,,,,,,5
1966,10,1.147,,0.625,-0.088,-0.060,-0.749,,,,1.375,,,0.570,6.100,-1.200,0
1966,11,1.055,,0.647,-0.060,-0.024,-0.697,,,,1.344,,,0.510,5.770,-1.109,0
1966,12,1.726,,0.607,-0.115,-0.091,-0.789,,,,1.396,,,0.490,5.810,-1.414,0
1967,1,1.299,,0.589,-0.103,-0.085,-0.755,,,,1.344,,,0.380,5.960,-1.109,0
1967,3,1.299,,0.610,-0.118,-0.070,-0.749,,,,1.359,,,0.360,5.950,-1.261,0
1967,4,1.360,,0.665,-0.042,0.010,-0.643,,,,1.308,,,0.540,6.170,-1.200,0
1967,11,1.329,,0.686,-0.057,-0.015,-0.716,,,,1.402,,,0.450,6.040,-1.170,0
1967,12,1.360,,0.677,-0.051,-0.006,-0.688,,,,1.366,,,0.500,5.830,-1.048,0
1968,1,1.025,,0.540,-0.176,-0.124,-0.789,,,,1.329,,,0.490,6.080,-1.536,0
1968,2,0.903,,0.577,-0.121,-0.088,-0.755,,,,1.332,,,0.660,6.270,-1.353,0
1968,3,0.933,,0.571,-0.112,-0.088,-0.746,,,,1.317,,,0.860,6.140,-1.322,0
1968,4,1.086,,0.571,-0.106,-0.070,-0.710,,,,1.280,,,0.800,6.260,-1.078,0
1968,5,0.994,,0.613,-0.073,-0.033,-0.679,,,,1.292,,,0.860,6.150,-1.139,0
1968,6,1.177,,0.711,0.004,0.058,-0.597,,,,1.308,,,0.380,5.980,-0.926,0
1968,7,1.055,,0.689,-0.021,0.019,-0.655,,,,1.344,,,0.480,5.860,-0.896,0
1968,8,1.086,,0.686,-0.024,0.016,-0.658,,,,1.344,,,0.500,5.900,-0.896,0
1968,9,1.116,,0.668,-0.030,-0.002,-0.670,,,,1.338,,,0.350,5.950,-0.957,0
1968,10,1.269,,0.638,-0.057,-0.024,-0.685,,,,1.323,,,0.370,5.970,-1.109,0
1968,11,1.512,,0.717,-0.015,0.031,-0.658,,,,1.375,,,0.510,6.120,-1.261,0
1968,12,1.482,,0.555,-0.146,-0.100,-0.758,,,,1.314,,,0.550,5.980,-1.322,0
1969,1,1.055,,0.507,-0.167,-0.143,-0.795,,,,1.301,,,0.450,5.950,-1.292,0
1969,2,0.994,,0.598,-0.097,-0.063,-0.722,,,,1.320,,,0.350,5.950,-1.292,0
1969,3,0.994,,0.613,-0.063,-0.033,-0.682,,,,1.295,,,0.390,5.540,-1.078,0
1969,4,0.994,,0.628,-0.042,-0.015,-0.661,,,,1.289,,,0.480,5.840,-1.170,0
1969,5,1.147,,0.683,-0.030,0.010,-0.664,,,,1.347,,,0.600,5.950,-0.957,0
1969,6,1.208,,0.744,0.025,0.083,-0.582,,,,1.326,,,0.580,6.080,-0.896,0
1969,7,1.238,,0.766,0.022,0.077,-0.615,,,,1.381,,,0.390,5.740,-0.926,0
1969,8,1.208,,0.750,0.037,0.071,-0.606,,,,1.356,,,0.460,6.080,-0.987,0
1969,9,1.177,,0.720,0.019,0.058,-0.606,,,,1.326,,,0.510,5.880,-0.926,0
1969,10,1.086,,0.699,0.022,0.052,-0.597,,,,1.295,,,0.440,5.940,-1.017,0
1969,11,1.269,,0.732,0.040,0.086,-0.560,,,,1.292,,,0.380,5.860,-0.926,0
1969,12,1.421,,0.677,-0.009,0.046,-0.585,,,,1.262,,,0.380,6.090,-1.109,0
1970,1,1.177,,0.610,-0.079,-0.027,-0.664,,,,1.274,,,0.500,6.170,-1.139,0
1970,2,1.756,,0.644,-0.063,-0.021,-0.685,,,,1.329,,,0.390,6.050,-1.170,0
1970,3,1.329,,0.601,-0.091,-0.051,-0.707,,,,1.308,,,0.420,5.890,-1.200,0
1970,4,1.299,,0.686,-0.015,0.019,-0.649,,,,1.335,,,0.480,5.950,-1.200,0
1970,5,1.116,,0.662,-0.042,0.001,-0.658,,,,1.320,,,0.500,5.960,-0.926,0
1970,6,1.116,,0.708,0.010,0.049,-0.606,,,,1.314,,,0.520,5.900,-0.835,0
1970,7,1.116,,0.705,0.013,0.049,-0.606,,,,1.311,,,0.570,5.950,-1.017,0
1970,8,1.147,,0.723,0.025,0.062,-0.600,,,,1.323,,,0.490,5.860,-0.987,0
1970,9,1.177,,0.692,0.001,0.025,-0.643,,,,1.335,,,0.480,5.930,-1.078,0
1970,10,1.238,,0.702,0.004,0.037,-0.627,,,,1.329,,,0.410,5.870,-0.987,0
1970,11,1.482,,0.760,0.058,0.101,-0.557,,,,1.317,,,0.370,5.890,-0.774,0
1970,12,1.390,,0.723,-0.002,0.043,-0.636,,,,1.359,,,0.410,6.070,-1.048,0
1971,1,1.464,,0.674,-0.070,-0.012,-0.694,,,,1.366,,,0.380,5.880,-1.243,0
1971,2,1.384,,0.644,-0.063,-0.024,-0.688,,,,1.332,,,0.410,5.830,-1.081,0
1971,3,1.573,,0.692,-0.033,0.007,-0.676,,,,1.369,,,0.350,5.800,-1.136,0
1971,4,1.354,,0.686,-0.012,0.025,-0.636,,,,1.323,,,0.470,5.850,-1.124,0
1971,5,1.107,,0.705,0.022,0.068,-0.572,,,,1.277,,,0.560,5.880,-0.786,0
1971,6,1.040,,0.717,0.025,0.068,-0.585,,,,1.301,,,0.560,5.960,-0.768,0
1971,7,1.003,,0.674,0.001,0.031,-0.615,,,,1.289,,,0.720,6.070,-0.853,0
1971,8,1.067,,0.674,-0.006,0.025,-0.627,,,,1.301,,,0.490,5.920,-0.935,0
1971,9,,,0.665,-0.024,0.007,-0.652,,,,1.317,,,,,,6
1971,10,1.342,,0.775,0.055,0.092,-0.588,,,,1.362,,,0.450,5.880,-0.880,0
1971,11,1.360,,0.778,0.040,0.080,-0.618,,,,1.396,,,0.390,5.750,-1.048,0
1971,12,1.128,,0.647,-0.097,-0.036,-0.722,,,,1.369,,,0.400,6.090,-1.444,0
1972,1,1.080,,0.598,-0.109,-0.079,-0.758,,,,1.356,,,0.460,5.990,-1.554,0
1972,2,1.671,,0.613,-0.088,-0.057,-0.728,,,,1.341,,,0.510,6.060,-1.270,0
1972,3,1.336,,0.668,-0.021,0.019,-0.633,,,,1.301,,,0.420,5.970,-1.002,0
1972,4,1.381,,0.659,-0.036,0.001,-0.658,,,,1.317,,,0.490,5.890,-1.014,0
1972,5,1.247,,0.711,0.013,0.068,-0.579,,,,1.289,,,0.450,5.840,-1.030,0
1972,6,1.549,,0.799,0.083,0.141,-0.521,,,,1.320,,,0.550,5.940,-0.819,0
1972,7,1.070,,0.769,0.049,0.092,-0.582,,,,1.350,,,0.480,5.910,-0.914,0
1972,8,1.070,,0.735,0.022,0.055,-0.627,,,,1.362,,,0.430,5.800,-0.926,0
1972,9,1.116,,0.756,0.037,0.077,-0.603,,,,1.359,,,0.370,5.990,-1.033,0
1972,10,1.232,,0.714,0.004,0.043,-0.630,,,,1.344,,,0.400,5.960,-0.975,0
1972,11,1.768,,0.814,0.080,0.135,-0.545,,,,1.359,,,0.450,5.860,-0.996,0
1972,12,1.433,,0.726,0.013,0.068,-0.594,,,,1.320,,,0.520,5.960,-1.392,0
1973,1,1.171,,0.650,-0.036,-0.002,-0.655,,,,1.305,,,0.530,5.670,-1.264,0
1973,2,1.427,,0.662,-0.051,-0.002,-0.667,,,,1.329,,,0.420,5.900,-0.996,0
1973,3,1.586,,0.705,0.004,0.043,-0.615,,,,1.320,,,0.400,5.890,-1.033,0
1973,4,1.640,,0.729,0.022,0.068,-0.594,,,,1.323,,,0.570,5.880,-1.002,0
1973,5,1.180,,0.766,0.049,0.104,-0.557,,,,1.323,,,0.580,6.110,-0.935,0
1973,6,1.220,,0.744,0.007,0.062,-0.618,,,,1.362,,,0.490,5.860,-0.978,0
1973,7,1.168,,0.796,0.052,0.101,-0.594,,,,1.390,,,0.460,5.990,-0.917,0
1973,8,1.095,,0.778,0.046,0.089,-0.600,,,,1.378,,,0.480,5.960,-0.932,0
1973,9,1.144,,0.747,0.031,0.065,-0.618,,,,1.366,,,0.470,5.870,-0.889,0
1973,10,1.122,,0.720,0.007,0.049,-0.621,,,,1.341,,,0.450,5.850,-0.920,0
1973,11,1.040,,0.641,-0.085,-0.033,-0.707,,,,1.347,,,0.480,5.880,-1.069,0
1973,12,1.168,,0.650,-0.048,-0.024,-0.697,,,,1.347,,,0.400,5.860,-1.039,0
1974,1,1.189,,0.680,-0.048,0.001,-0.679,,,,1.359,,,0.450,5.960,-1.155,0
1974,2,1.351,,0.656,-0.070,-0.030,-0.719,,,,1.375,,,0.420,6.010,-1.283,0
1974,3,1.348,,0.635,-0.103,-0.054,-0.743,,,,1.378,,,0.320,5.860,-1.398,0
1974,4,1.104,,0.683,-0.054,-0.002,-0.688,,,,1.372,,,0.430,5.960,-1.118,0
1974,5,1.131,,0.738,-0.012,0.046,-0.649,,,,1.387,,,0.430,5.910,-0.938,0
1974,6,1.211,,0.747,0.013,0.068,-0.612,,,,1.359,,,0.450,5.880,-0.893,0
1974,7,1.104,,0.750,0.028,0.071,-0.609,,,,1.359,,,0.360,5.930,-0.954,0
1974,8,1.223,,0.692,-0.012,0.019,-0.658,,,,1.350,,,0.480,5.970,-0.947,0
1974,9,1.183,,0.741,0.010,0.052,-0.636,,,,1.378,,,,,-0.999,0
1974,10,1.101,,0.647,-0.088,-0.048,-0.746,,,,1.393,,,0.390,5.930,-1.149,0
1974,11,1.494,,0.702,-0.039,0.007,-0.688,,,,1.390,,,0.440,5.970,-1.158,0
1974,12,1.979,,0.726,-0.033,0.019,-0.685,,,,1.411,,,0.440,5.790,-1.258,0
1975,1,1.397,,0.650,-0.100,-0.060,-0.774,,,,1.423,,,0.470,5.940,-1.398,0
1975,2,1.195,,0.641,-0.094,-0.045,-0.731,,,,1.372,,,0.420,6.010,-1.252,0
1975,3,1.159,,0.671,-0.082,-0.030,-0.734,,,,1.405,,,0.450,5.920,-1.456,0
1975,4,1.479,,0.677,-0.070,-0.009,-0.694,,,,1.372,,,0.420,5.800,-1.024,0
1975,5,1.055,,0.699,-0.021,0.028,-0.643,,,,1.341,,,0.390,5.790,-0.838,0
1975,6,1.022,,0.738,0.007,0.058,-0.624,,,,1.362,,,0.510,5.810,-0.880,0
1975,7,1.098,,0.726,0.013,0.049,-0.627,,,,1.353,,,0.470,5.880,-0.850,0
1975,8,1.107,,0.720,0.001,0.043,-0.633,,,,1.353,,,0.400,5.790,-1.088,0
1975,9,1.217,,0.714,-0.027,0.013,-0.688,,,,1.402,,,0.410,5.810,-1.060,0
1975,10,1.220,,0.781,0.025,0.068,-0.646,,,,1.426,,,0.420,6.010,-1.298,0
1975,11,1.265,,0.799,0.031,0.086,-0.627,,,,1.426,,,0.450,5.820,-1.060,0
1975,12,1.339,,0.714,-0.054,-0.002,-0.722,,,,1.436,,,0.430,5.980,-1.258,0
1976,1,1.150,,0.653,-0.094,-0.048,-0.752,,,,1.405,,,0.480,5.900,-1.334,0
1976,2,1.534,,0.622,-0.106,-0.073,-0.768,,,,1.390,,,0.440,6.070,-1.609,0
1976,3,1.351,,0.659,-0.088,-0.048,-0.758,,,,1.417,,,0.510,5.960,-1.520,0
1976,4,1.159,,0.647,-0.079,-0.036,-0.719,,,,1.366,,,0.410,5.800,-1.225,0
1976,5,1.046,,0.659,-0.067,-0.030,-0.719,,,,1.378,,,0.450,5.830,-1.118,0
1976,6,1.192,,0.686,-0.051,-0.012,-0.707,,,,1.393,,,0.500,5.880,-0.932,0
1976,7,1.104,,0.756,0.004,0.049,-0.658,,,,1.414,,,0.470,5.820,-0.883,0
1976,8,1.156,,0.735,-0.015,0.031,-0.676,,,,1.411,,,0.400,5.890,-0.966,0
1976,9,1.205,,0.750,-0.002,0.043,-0.667,,,,1.417,,,0.350,5.780,-1.014,0
1976,10,1.427,,0.702,-0.048,-0.012,-0.722,,,,1.423,,,0.290,5.840,-1.362,0
1976,11,1.144,,0.619,-0.137,-0.082,-0.783,,,,1.402,,,0.390,5.970,-1.206,0
1976,12,1.262,,0.500,-0.228,-0.182,-0.868,,,,1.369,,,0.480,5.930,-1.447,0
1977,1,1.122,,0.522,-0.207,-0.164,-0.850,,,,1.372,,,0.590,5.910,-1.347,0
1977,2,0.881,0.625,0.552,-0.182,-0.152,-0.853,-0.914,-0.146,1.539,1.405,0.073,0.061,0.370,5.740,-1.246,0
1977,3,1.473,,0.595,-0.124,-0.091,-0.774,,,,1.369,,,0.340,5.970,-1.152,0
1977,4,1.220,,0.571,-0.155,-0.121,-0.813,,,,1.384,,,0.460,5.850,-1.155,0
1977,5,1.165,,0.699,-0.063,-0.021,-0.740,,,,1.439,,,0.460,5.830,-1.133,0
1977,6,1.259,,0.787,0.007,0.065,-0.658,,,,1.445,,,0.430,5.970,-0.972,0
1977,7,1.162,,0.732,-0.057,-0.006,-0.740,,,,1.472,,,0.400,5.800,-1.094,1
1977,8,0.991,0.802,0.735,-0.024,0.013,-0.707,-0.758,0.022,1.561,1.442,0.067,0.052,0.550,6.000,-1.072,0
1977,9,1.250,0.875,0.805,0.055,0.092,-0.618,-0.661,0.107,1.536,1.423,0.070,0.043,0.460,5.920,-1.030,0
1977,10,1.363,0.808,0.744,0.013,0.052,-0.640,-0.682,0.062,1.490,1.384,0.064,0.043,0.460,5.920,-0.987,0
1977,11,1.482,0.796,0.717,-0.030,0.025,-0.667,-0.731,0.031,1.527,1.384,0.079,0.064,0.450,5.740,-1.222,0
1977,12,1.326,,0.729,-0.018,0.031,-0.664,,,,1.393,,,0.310,5.920,-1.612,0
1978,1,2.287,,0.668,-0.082,-0.036,-0.743,,,,1.411,,,0.510,5.890,-1.490,0
1978,2,1.512,,0.738,-0.015,0.040,-0.661,,,,1.399,,,0.390,5.710,-1.030,0
1978,3,1.104,,0.644,-0.103,-0.054,-0.755,,,,1.399,,,0.910,5.820,-1.517,0
1978,4,1.131,0.802,0.741,-0.021,0.034,-0.673,-0.722,0.040,1.524,1.414,0.061,0.049,0.410,5.830,-1.011,0
1978,5,1.171,,0.738,-0.027,0.031,-0.679,,,,1.417,,,0.320,5.590,-1.021,0
1978,6,1.211,,0.720,-0.033,0.019,-0.685,,,,1.405,,,,,-0.893,6
1978,7,1.147,0.793,0.738,-0.006,0.040,-0.655,-0.707,0.043,1.500,1.393,0.055,0.052,0.430,5.760,-0.984,0
1978,8,1.201,,0.741,0.013,0.043,-0.658,,,,1.399,,,0.450,5.750,-0.960,0
1978,9,1.214,,0.784,0.043,0.086,-0.612,,,,1.396,,,0.460,5.910,-0.905,0
1978,10,1.165,,0.744,-0.006,0.031,-0.682,,,,1.426,,,0.560,6.040,-1.036,0
1978,11,1.250,0.824,0.760,-0.012,0.043,-0.673,-0.731,0.046,1.554,1.433,0.064,0.058,0.350,5.960,-1.139,0
1978,12,1.192,,0.692,-0.085,-0.036,-0.768,,,,1.460,,,0.500,6.040,-1.383,0
1979,1,1.610,0.863,0.781,0.007,0.049,-0.682,-0.752,0.055,1.615,1.463,0.082,0.070,0.310,5.840,-1.103,0
1979,2,1.323,0.689,0.622,-0.118,-0.070,-0.761,-0.832,-0.072,1.521,1.384,0.067,0.064,0.480,6.110,-1.124,0
1979,3,1.144,0.726,0.671,-0.085,-0.036,-0.743,-0.798,-0.036,1.524,1.414,0.055,0.055,0.300,5.840,-1.264,0
1979,4,1.265,0.781,0.711,-0.039,0.007,-0.694,-0.737,0.022,1.518,1.405,0.070,0.043,0.490,5.820,-0.978,0
1979,5,,0.827,0.763,0.016,0.062,-0.640,-0.670,0.079,1.497,1.402,0.064,0.030,,,,11
1979,6,1.247,0.808,0.744,0.007,0.049,-0.646,-0.679,0.064,1.487,1.390,0.064,0.034,0.590,5.920,-0.899,0
1979,7,1.080,0.808,0.747,0.010,0.052,-0.643,-0.682,0.063,1.490,1.390,0.061,0.040,0.450,5.760,-0.972,0
1979,8,1.311,0.848,0.781,0.040,0.080,-0.618,-0.664,0.092,1.512,1.399,0.067,0.046,0.480,5.880,-0.984,0
1979,9,1.348,0.827,0.756,0.007,0.049,-0.658,-0.722,0.052,1.549,1.414,0.070,0.064,0.520,5.990,-0.966,0
1979,10,1.311,0.891,0.814,0.043,0.095,-0.624,-0.676,0.107,1.567,1.439,0.076,0.052,0.430,5.960,-1.094,0
1979,11,1.269,0.805,0.735,-0.042,0.004,-0.731,-0.783,0.011,1.588,1.463,0.070,0.052,0.420,5.960,-1.054,0
1979,12,1.006,0.744,0.656,-0.109,-0.060,-0.777,-0.832,-0.044,1.576,1.433,0.088,0.058,0.460,5.990,-1.170,0
1980,1,1.464,0.732,0.635,-0.121,-0.070,-0.774,-0.853,-0.060,1.585,1.408,0.094,0.079,0.430,5.930,-1.322,0
1980,2,1.122,0.705,0.628,-0.103,-0.057,-0.746,-0.807,-0.051,1.512,1.375,0.076,0.061,0.400,5.790,-1.274,0
1980,3,1.427,0.732,0.631,-0.109,-0.070,-0.771,-0.847,-0.057,1.576,1.402,0.101,0.073,0.400,5.920,-1.618,0
1980,4,1.427,0.760,0.692,-0.039,0.013,-0.667,-0.719,0.022,1.478,1.362,0.064,0.052,0.400,5.830,-1.124,0
1980,5,1.113,0.793,0.720,-0.027,0.034,-0.652,-0.679,0.058,1.475,1.372,0.076,0.027,0.590,5.880,-1.024,0
1980,6,1.064,0.808,0.735,-0.024,0.037,-0.658,-0.704,0.052,1.512,1.393,0.073,0.046,0.550,5.920,-1.045,0
1980,7,1.073,0.827,0.760,-0.002,0.046,-0.667,-0.716,0.055,1.542,1.430,0.064,0.049,0.500,5.910,-0.856,0
1980,8,1.040,0.820,0.766,-0.002,0.046,-0.673,-0.719,0.052,1.539,1.439,0.055,0.046,0.440,5.780,-1.054,0
1980,9,1.201,0.781,0.714,-0.042,-0.002,-0.719,-0.783,-0.002,1.564,1.433,0.067,0.064,0.390,5.730,-1.240,0
1980,10,1.476,0.787,0.717,-0.039,0.010,-0.697,-0.755,0.016,1.545,1.417,0.070,0.058,0.440,5.830,-1.435,0
1980,11,1.415,0.756,0.659,-0.076,-0.033,-0.725,-0.783,-0.015,1.539,1.384,0.094,0.058,0.430,5.970,-1.206,0
1980,12,0.997,0.641,0.543,-0.188,-0.146,-0.838,-0.896,-0.127,1.536,1.381,0.098,0.058,0.450,5.980,-1.472,0
1981,1,0.927,0.628,0.543,-0.185,-0.140,-0.822,-0.902,-0.137,1.533,1.366,0.088,0.079,0.430,5.850,-1.188,0
1981,2,1.201,0.671,0.610,-0.137,-0.094,-0.798,-0.880,-0.106,1.551,1.408,0.061,0.082,0.480,5.790,-1.274,0
1981,3,1.220,0.726,0.668,-0.051,-0.009,-0.685,-0.749,-0.012,1.475,1.353,0.061,0.064,0.440,5.870,-1.261,0
1981,4,0.991,0.656,0.586,-0.143,-0.091,-0.768,-0.819,-0.082,1.475,1.354,0.070,0.051,0.950,5.970,-1.206,0
1981,5,1.247,0.814,0.738,-0.024,0.031,-0.676,-0.716,0.049,1.530,1.414,0.076,0.043,0.630,5.900,-1.063,0
1981,6,1.189,0.848,0.769,0.004,0.055,-0.661,-0.704,0.074,1.551,1.430,0.079,0.043,0.570,5.880,-1.075,0
1981,7,1.064,0.833,0.769,0.010,0.055,-0.655,-0.707,0.062,1.539,1.426,0.061,0.052,0.500,5.920,-1.066,0
1981,8,0.970,0.817,0.769,0.022,0.062,-0.643,-0.685,0.065,1.503,1.408,0.049,0.043,0.430,5.820,-0.899,0
1981,9,1.159,0.857,0.784,0.043,0.095,-0.597,-0.633,0.110,1.490,1.381,0.073,0.040,0.380,5.910,-0.969,0
1981,10,1.195,0.784,0.705,-0.030,0.013,-0.679,-0.740,0.022,1.524,1.384,0.079,0.061,0.380,5.970,-1.051,0
1981,11,1.201,0.781,0.708,-0.021,0.028,-0.655,-0.704,0.040,1.484,1.362,0.073,0.049,0.410,5.980,-1.121,0
1981,12,1.281,0.772,0.680,-0.051,-0.012,-0.704,-0.780,-0.002,1.551,1.384,0.091,0.076,0.390,5.880,-1.200,0
1982,1,1.238,0.711,0.616,-0.137,-0.088,-0.795,-0.874,-0.082,1.582,1.411,0.094,0.079,0.500,6.070,-1.374,0
1982,2,0.994,0.689,0.619,-0.124,-0.073,-0.761,-0.838,-0.073,1.530,1.384,0.070,0.076,0.440,5.890,-1.386,0
1982,3,1.104,0.699,0.625,-0.118,-0.079,-0.783,-0.835,-0.067,1.533,1.408,0.076,0.049,0.390,5.830,-1.450,0
1982,4,1.101,0.705,0.610,-0.121,-0.079,-0.768,-0.838,-0.067,1.539,1.378,0.091,0.070,0.570,6.070,-1.316,0
1982,5,1.141,0.741,0.677,-0.051,0.007,-0.667,-0.710,0.016,1.448,1.347,0.061,0.043,0.600,6.000,-1.014,0
1982,6,1.281,0.878,0.814,0.083,0.141,-0.530,-0.566,0.156,1.445,1.344,0.067,0.037,0.500,6.040,-0.829,0
1982,7,1.168,0.775,0.705,-0.018,0.043,-0.615,-0.661,0.055,1.436,1.320,0.067,0.046,0.660,5.830,-0.886,0
1982,8,1.043,0.729,0.665,-0.033,-0.012,-0.688,-0.740,-0.006,1.469,1.356,0.061,0.052,0.490,5.930,-1.042,0
1982,9,1.095,0.717,0.671,-0.045,-0.009,-0.688,-0.746,-0.015,1.466,1.359,0.046,0.058,0.460,5.960,-0.944,0
1982,10,1.131,0.796,0.732,0.013,0.046,-0.636,-0.685,0.055,1.481,1.369,0.067,0.049,0.300,5.970,-0.926,0
1982,11,1.183,0.692,0.625,-0.100,-0.063,-0.752,-0.813,-0.060,1.506,1.378,0.067,0.061,0.390,5.910,-1.237,0
1982,12,1.144,0.760,0.665,-0.085,-0.033,-0.734,-0.813,-0.027,1.576,1.402,0.094,0.079,0.370,5.850,-1.142,0
1983,1,1.189,0.711,0.628,-0.115,-0.070,-0.768,-0.829,-0.060,1.539,1.396,0.082,0.061,0.350,5.840,-1.185,0
1983,2,1.134,0.729,0.665,-0.051,-0.009,-0.679,-0.746,-0.009,1.475,1.344,0.064,0.067,0.470,5.950,-1.118,0
1983,3,1.201,0.784,0.711,-0.024,0.031,-0.649,-0.694,0.043,1.478,1.359,0.073,0.046,0.410,5.910,-1.210,0
1983,4,1.232,0.814,0.747,0.034,0.077,-0.594,-0.630,0.092,1.445,1.344,0.067,0.037,0.420,5.880,-0.978,0
1983,5,1.080,0.763,0.699,-0.002,0.034,-0.630,-0.664,0.049,1.426,1.326,0.067,0.034,0.420,5.790,-0.865,0
1983,6,1.034,0.750,0.689,-0.015,0.028,-0.630,-0.661,0.043,1.411,1.320,0.061,0.030,0.450,5.740,-0.944,0
1983,7,1.171,0.824,0.741,0.043,0.077,-0.588,-0.636,0.095,1.460,1.329,0.082,0.049,0.530,5.950,-0.902,0
1983,8,1.244,0.848,0.778,0.068,0.104,-0.569,-0.612,0.116,1.460,1.347,0.070,0.043,0.470,5.850,-0.902,0
1983,9,1.217,0.833,0.763,0.046,0.077,-0.609,-0.658,0.089,1.490,1.372,0.070,0.049,0.410,5.930,-0.905,0
1983,10,1.333,0.869,0.790,0.062,0.101,-0.591,-0.627,0.119,1.500,1.381,0.079,0.037,0.370,5.860,-0.908,0
1983,11,1.643,0.936,0.820,0.086,0.122,-0.576,-0.661,0.138,1.597,1.396,0.113,0.085,0.320,5.890,-1.136,0
1983,12,1.275,0.799,0.705,-0.012,0.028,-0.649,-0.725,0.037,1.524,1.353,0.094,0.076,0.440,6.110,-1.109,0
1984,1,1.104,0.689,0.613,-0.094,-0.048,-0.713,-0.774,-0.042,1.466,1.323,0.079,0.064,0.450,5.930,-1.362,0
1984,2,1.250,0.756,0.665,-0.042,-0.002,-0.670,-0.749,0.004,1.506,1.335,0.091,0.079,0.430,6.010,-1.048,0
1984,3,1.290,0.802,0.720,0.001,0.052,-0.618,-0.670,0.065,1.472,1.338,0.079,0.055,0.420,5.840,-1.014,0
1984,4,1.403,0.866,0.793,0.095,0.141,-0.508,-0.557,0.156,1.426,1.301,0.073,0.049,0.350,5.890,-0.832,0
1984,5,1.165,0.808,0.738,0.037,0.074,-0.591,-0.618,0.095,1.426,1.329,0.070,0.027,0.410,5.810,-0.908,0
1984,6,1.049,0.848,0.766,0.055,0.107,-0.554,-0.594,0.129,1.442,1.320,0.082,0.040,0.410,5.760,-0.813,0
1984,7,1.058,0.839,0.772,0.046,0.086,-0.600,-0.636,0.101,1.475,1.375,0.064,0.037,0.470,5.800,-0.880,0
1984,8,1.168,0.860,0.787,0.055,0.098,-0.591,-0.640,0.110,1.497,1.378,0.073,0.049,0.410,5.780,-0.923,0
1984,9,1.250,0.805,0.720,-0.002,0.031,-0.658,-0.707,0.049,1.512,1.378,0.085,0.049,0.440,5.840,-1.109,0
1984,10,1.247,0.808,0.747,0.031,0.074,-0.597,-0.643,0.083,1.451,1.347,0.061,0.043,0.400,6.060,-0.975,0
1984,11,1.162,0.827,0.735,0.031,0.068,-0.603,-0.667,0.080,1.494,1.338,0.091,0.064,0.390,5.950,-1.127,0
1984,12,1.186,0.714,0.622,-0.073,-0.039,-0.697,-0.783,-0.033,1.497,1.317,0.094,0.085,0.520,5.950,-1.277,0
1985,1,1.116,0.711,0.625,-0.063,-0.027,-0.679,-0.743,-0.018,1.454,1.301,0.085,0.067,0.530,5.910,-1.240,0
1985,2,1.076,0.662,0.607,-0.094,-0.063,-0.734,-0.801,-0.070,1.463,1.341,0.055,0.067,0.380,5.960,-1.316,0
1985,3,1.076,0.668,0.595,-0.094,-0.054,-0.704,-0.771,-0.051,1.439,1.298,0.073,0.070,0.340,5.940,-1.130,0
1985,4,1.265,0.708,0.641,-0.060,-0.021,-0.679,-0.722,-0.006,1.430,1.320,0.067,0.040,0.390,5.820,-0.990,0
1985,5,1.174,0.808,0.729,0.019,0.062,-0.603,-0.652,0.077,1.460,1.332,0.079,0.049,0.480,6.010,-1.045,0
1985,6,1.153,0.793,0.723,0.001,0.052,-0.621,-0.658,0.068,1.451,1.347,0.067,0.037,0.500,5.920,-0.905,0
1985,7,1.122,0.796,0.726,0.013,0.055,-0.618,-0.655,0.071,1.451,1.344,0.070,0.037,0.470,5.860,-0.859,0
1985,8,1.116,0.799,0.738,0.031,0.065,-0.609,-0.655,0.074,1.454,1.347,0.064,0.046,0.510,5.940,-0.847,0
1985,9,2.104,0.824,0.744,0.034,0.071,-0.603,-0.664,0.080,1.484,1.347,0.076,0.061,0.410,5.900,-1.036,0
1985,10,1.333,0.763,0.686,-0.006,0.022,-0.640,-0.685,0.040,1.445,1.329,0.073,0.043,0.440,6.040,-0.957,0
1985,11,1.223,0.814,0.726,0.028,0.065,-0.597,-0.661,0.077,1.475,1.320,0.088,0.064,0.440,5.840,-1.145,0
1985,12,1.378,0.784,0.674,-0.024,0.016,-0.640,-0.713,0.034,1.500,1.314,0.113,0.073,0.360,5.890,-0.947,0
1986,1,1.171,0.717,0.616,-0.103,-0.057,-0.728,-0.816,-0.048,1.533,1.344,0.101,0.085,0.370,6.010,-1.316,0
1986,2,0.958,0.692,0.647,-0.048,-0.012,-0.670,-0.716,-0.012,1.408,1.317,0.043,0.049,0.370,6.070,-1.005,0
1986,3,0.988,0.680,0.586,-0.115,-0.079,-0.746,-0.816,-0.067,1.494,1.332,0.094,0.067,0.410,5.780,-1.386,0
1986,4,1.153,0.811,0.732,0.019,0.086,-0.557,-0.600,0.107,1.408,1.289,0.079,0.040,0.730,5.970,-1.021,0
1986,5,1.174,0.769,0.692,0.010,0.074,-0.545,-0.585,0.092,1.356,1.237,0.076,0.040,0.800,6.040,-0.896,0
1986,6,1.208,0.766,0.692,0.007,0.037,-0.618,-0.667,0.049,1.436,1.311,0.076,0.052,0.570,5.910,-0.935,0
1986,7,1.220,0.787,0.720,0.046,0.077,-0.566,-0.615,0.086,1.402,1.286,0.067,0.052,0.550,5.870,-0.877,0
1986,8,1.220,0.744,0.677,0.016,0.046,-0.585,-0.630,0.055,1.375,1.262,0.064,0.046,0.580,5.970,-0.798,0
1986,9,1.031,0.741,0.671,-0.006,0.013,-0.643,-0.700,0.022,1.442,1.317,0.070,0.058,0.470,5.940,-1.600,0
1986,10,1.290,0.799,0.723,0.031,0.058,-0.609,-0.661,0.071,1.460,1.332,0.076,0.052,0.390,5.990,-1.048,0
1986,11,1.229,0.772,0.674,-0.039,0.004,-0.667,-0.728,0.022,1.500,1.341,0.098,0.061,0.410,5.990,-1.164,0
1986,12,1.744,0.769,0.659,-0.045,-0.002,-0.664,-0.746,0.010,1.515,1.323,0.110,0.085,0.390,5.910,-1.149,0
1987,1,2.095,0.817,0.708,-0.015,0.025,-0.658,-0.725,0.046,1.542,1.366,0.110,0.067,0.460,5.850,-1.014,0
1987,2,1.009,0.625,0.561,-0.124,-0.088,-0.737,-0.798,-0.085,1.423,1.298,0.064,0.061,0.420,5.830,-1.179,0
1987,3,1.308,0.784,0.711,0.007,0.058,-0.597,-0.652,0.068,1.433,1.308,0.073,0.055,0.530,6.060,-1.054,0
1987,4,1.104,0.720,0.653,-0.012,0.040,-0.569,-0.624,0.046,1.344,1.222,0.067,0.052,0.500,5.960,-0.950,0
1987,5,0.921,0.683,0.616,-0.051,-0.006,-0.630,-0.664,0.010,1.347,1.247,0.067,0.034,0.390,5.740,-0.993,0
1987,6,1.101,0.766,0.699,0.019,0.065,-0.566,-0.609,0.080,1.375,1.265,0.067,0.040,0.470,5.900,-0.883,0
1987,7,1.201,0.781,0.714,0.028,0.062,-0.588,-0.633,0.074,1.414,1.301,0.067,0.046,0.480,5.790,-0.798,0
1987,8,1.205,0.763,0.699,-0.002,0.034,-0.627,-0.664,0.049,1.426,1.323,0.064,0.037,0.500,5.800,-0.874,0
1987,9,1.180,0.784,0.702,0.004,0.034,-0.636,-0.682,0.049,1.466,1.338,0.079,0.049,0.440,5.970,-1.005,0
1987,10,1.467,0.775,0.680,-0.030,0.007,-0.667,-0.725,0.025,1.500,1.347,0.094,0.058,0.440,5.960,-1.173,0
1987,11,1.125,0.744,0.647,-0.073,-0.027,-0.697,-0.755,-0.006,1.503,1.344,0.101,0.058,0.390,5.750,-1.188,0
1987,12,1.156,0.781,0.680,-0.024,0.016,-0.652,-0.725,0.028,1.506,1.329,0.101,0.076,0.470,5.930,-1.039,0
1988,1,1.205,0.616,0.519,-0.164,-0.127,-0.774,-0.853,-0.118,1.469,1.292,0.098,0.079,0.460,5.880,-1.234,0
1988,2,1.217,0.686,0.589,-0.085,-0.051,-0.691,-0.774,-0.045,1.460,1.283,0.098,0.082,0.330,5.980,-1.054,0
1988,3,1.095,0.622,0.552,-0.121,-0.094,-0.743,-0.789,-0.082,1.411,1.295,0.070,0.046,0.430,6.000,-1.216,0
1988,4,1.177,0.778,0.699,0.013,0.049,-0.600,-0.646,0.068,1.423,1.298,0.082,0.043,0.410,5.960,-0.990,0
1988,5,1.000,0.732,0.641,-0.054,-0.018,-0.676,-0.710,0.010,1.442,1.317,0.091,0.034,0.390,5.880,-0.953,0
1988,6,1.089,0.784,0.692,-0.006,0.037,-0.618,-0.667,0.058,1.451,1.311,0.091,0.049,0.470,5.800,-0.816,0
1988,7,1.086,0.753,0.683,-0.027,0.007,-0.670,-0.713,0.019,1.466,1.350,0.070,0.046,0.450,5.790,-0.889,0
1988,8,1.171,0.790,0.711,-0.002,0.025,-0.664,-0.716,0.037,1.506,1.375,0.079,0.052,0.470,5.900,-1.066,0
1988,9,1.128,0.742,0.657,-0.039,-0.017,-0.690,-0.744,-0.001,1.486,1.347,0.085,0.054,0.420,5.950,-1.081,0
1988,10,1.656,0.753,0.668,-0.030,0.016,-0.636,-0.704,0.025,1.457,1.305,0.085,0.067,0.380,5.970,-0.987,0
1988,11,1.116,0.705,0.619,-0.067,-0.027,-0.676,-0.774,-0.036,1.481,1.295,0.085,0.101,0.440,5.910,-1.353,0
1988,12,1.012,0.641,0.561,-0.112,-0.079,-0.716,-0.783,-0.070,1.423,1.277,0.082,0.064,0.480,5.970,-1.255,0
1989,1,0.991,0.638,0.543,-0.137,-0.109,-0.758,-0.844,-0.103,1.481,1.301,0.098,0.085,0.480,6.090,-1.298,0
1989,2,1.037,0.601,0.534,-0.161,-0.131,-0.792,-0.880,-0.140,1.478,1.326,0.067,0.085,0.360,6.160,-1.587,0
1989,3,1.046,0.586,0.525,-0.158,-0.118,-0.761,-0.813,-0.115,1.402,1.283,0.064,0.055,0.470,5.990,-1.228,0
1989,4,1.220,0.659,0.583,-0.112,-0.073,-0.731,-0.777,-0.060,1.436,1.314,0.076,0.046,0.410,5.940,-1.152,0
1989,5,1.366,0.756,0.677,-0.033,0.007,-0.661,-0.710,0.025,1.466,1.338,0.079,0.049,0.460,5.880,-1.109,0
1989,6,1.092,0.778,0.711,0.004,0.049,-0.615,-0.661,0.058,1.439,1.326,0.067,0.046,0.410,5.810,-0.850,0
1989,7,0.988,0.769,0.699,0.001,0.031,-0.636,-0.685,0.040,1.454,1.335,0.070,0.052,0.520,5.860,-0.932,0
1989,8,1.107,0.805,0.735,0.049,0.074,-0.588,-0.633,0.086,1.439,1.323,0.070,0.046,0.430,5.830,-0.920,0
1989,9,1.192,0.741,0.683,-0.009,0.025,-0.633,-0.676,0.031,1.417,1.317,0.058,0.043,0.440,5.890,-0.966,0
1989,10,1.235,0.753,0.671,-0.021,0.010,-0.655,-0.694,0.031,1.448,1.326,0.082,0.040,0.460,5.960,-1.109,0
1989,11,1.390,0.763,0.653,-0.030,0.004,-0.643,-0.722,0.019,1.484,1.295,0.110,0.079,0.450,6.010,-1.289,0
1989,12,1.043,0.622,0.546,-0.158,-0.118,-0.780,-0.844,-0.109,1.466,1.326,0.079,0.064,0.380,5.900,-1.097,0
1990,1,1.122,0.668,0.574,-0.124,-0.088,-0.752,-0.838,-0.085,1.506,1.326,0.091,0.085,0.460,5.930,-1.261,0
1990,2,1.055,0.653,0.558,-0.121,-0.097,-0.755,-0.844,-0.094,1.497,1.314,0.094,0.088,0.330,5.930,-1.185,0
1990,3,0.915,0.625,0.552,-0.155,-0.127,-0.807,-0.847,-0.109,1.472,1.362,0.073,0.040,0.380,5.860,-1.240,0
1990,4,1.195,0.711,0.625,-0.076,-0.045,-0.716,-0.764,-0.027,1.478,1.341,0.085,0.052,0.370,5.870,-1.042,0
1990,5,1.372,0.802,0.717,0.004,0.049,-0.615,-0.658,0.071,1.460,1.332,0.085,0.043,0.460,5.800,-0.917,0
1990,6,1.275,0.787,0.708,0.016,0.055,-0.597,-0.652,0.068,1.439,1.308,0.079,0.052,0.420,5.900,-0.889,0
1990,7,1.095,0.747,0.683,0.001,0.034,-0.618,-0.667,0.040,1.417,1.305,0.064,0.049,0.540,5.950,-0.853,0
1990,8,1.128,0.763,0.705,0.040,0.062,-0.582,-0.636,0.065,1.399,1.286,0.058,0.052,0.430,5.860,-0.917,0
1990,9,1.131,0.787,0.726,0.043,0.071,-0.588,-0.643,0.074,1.430,1.314,0.061,0.055,0.370,5.950,-1.130,0
1990,10,1.217,0.830,0.750,0.037,0.071,-0.609,-0.682,0.074,1.512,1.362,0.079,0.073,0.440,5.990,-1.149,0
1990,11,1.384,0.781,0.671,-0.030,0.004,-0.667,-0.740,0.019,1.521,1.338,0.110,0.073,0.320,5.940,-1.353,0
1990,12,1.784,0.753,0.653,-0.082,-0.039,-0.728,-0.798,-0.021,1.551,1.381,0.101,0.070,0.350,5.880,-1.069,0
1991,1,1.165,0.738,0.651,-0.072,-0.027,-0.705,-0.768,-0.015,1.506,1.356,0.087,0.063,0.260,5.770,-1.267,0
1991,2,1.205,0.692,0.622,-0.082,-0.042,-0.710,-0.777,-0.042,1.472,1.332,0.070,0.070,0.240,5.710,-1.374,0
1991,3,1.265,0.793,0.726,0.019,0.062,-0.606,-0.670,0.062,1.463,1.332,0.067,0.064,0.490,5.910,-0.987,0
1991,4,1.092,0.732,0.659,-0.042,-0.012,-0.682,-0.734,-0.002,1.466,1.344,0.070,0.049,0.430,5.860,-1.085,0
1991,5,1.171,0.775,0.695,-0.006,0.037,-0.621,-0.658,0.058,1.433,1.317,0.079,0.040,0.440,5.850,-0.844,0
1991,6,1.201,0.805,0.735,0.040,0.077,-0.582,-0.618,0.092,1.423,1.317,0.067,0.037,0.410,5.860,-1.008,0
1991,7,1.284,0.820,0.756,0.043,0.080,-0.597,-0.640,0.092,1.463,1.356,0.064,0.043,0.480,5.890,-0.932,0
1991,8,2.360,0.851,0.763,0.025,0.065,-0.630,-0.685,0.083,1.536,1.390,0.088,0.058,0.500,6.020,-0.908,0
1991,9,1.147,0.781,0.702,-0.012,0.022,-0.661,-0.716,0.034,1.497,1.362,0.079,0.055,0.370,5.890,-0.902,0
1991,10,1.674,0.848,0.766,0.040,0.083,-0.600,-0.655,0.098,1.500,1.366,0.082,0.055,0.350,6.010,-1.014,0
1991,11,1.329,0.793,0.723,-0.002,0.052,-0.621,-0.670,0.062,1.463,1.344,0.070,0.049,0.440,5.750,-1.011,0
1991,12,1.256,0.769,0.647,-0.054,-0.015,-0.676,-0.780,-0.006,1.545,1.320,0.122,0.104,0.460,6.010,-1.176,0
1992,1,1.570,0.772,0.674,-0.033,0.010,-0.658,-0.746,0.013,1.518,1.332,0.098,0.088,0.410,5.840,-1.283,0
1992,2,1.153,0.753,0.671,-0.033,0.001,-0.673,-0.734,0.010,1.487,1.341,0.082,0.064,0.360,5.970,-1.130,0
1992,3,1.262,0.760,0.671,-0.018,0.013,-0.646,-0.704,0.028,1.463,1.317,0.085,0.061,0.390,5.900,-1.179,0
1992,4,1.043,0.772,0.699,-0.015,0.031,-0.633,-0.667,0.052,1.442,1.329,0.076,0.037,0.480,5.800,-1.024,0
1992,5,1.034,0.784,0.699,-0.027,0.031,-0.640,-0.673,0.055,1.457,1.338,0.082,0.034,0.500,5.780,-0.926,0
1992,6,1.134,0.851,0.772,0.071,0.110,-0.551,-0.603,0.122,1.454,1.323,0.079,0.052,0.490,5.820,-0.810,0
1992,7,1.287,0.894,0.820,0.086,0.126,-0.572,-0.621,0.135,1.515,1.396,0.073,0.049,0.410,5.780,-0.941,0
1992,8,1.333,0.854,0.784,0.049,0.086,-0.612,-0.670,0.092,1.527,1.396,0.073,0.061,0.530,5.980,-0.938,0
1992,9,1.205,0.802,0.735,0.065,0.068,-0.597,-0.643,0.080,1.445,1.332,0.067,0.046,0.540,6.330,-0.978,0
1992,10,1.174,0.830,0.769,0.083,0.110,-0.551,-0.606,0.113,1.439,1.320,0.061,0.058,0.420,6.210,-0.941,0
1992,11,1.314,0.787,0.711,-0.015,0.034,-0.640,-0.700,0.043,1.487,1.350,0.076,0.061,0.460,5.830,-0.981,0
1992,12,1.436,0.772,0.674,-0.018,0.025,-0.627,-0.704,0.034,1.475,1.301,0.098,0.076,0.460,6.070,-1.322,0
1993,1,1.080,0.720,0.631,-0.057,-0.015,-0.664,-0.737,-0.009,1.457,1.295,0.088,0.073,0.490,5.920,-1.045,0
1993,2,1.177,0.763,0.692,-0.021,0.016,-0.658,-0.740,0.013,1.503,1.350,0.073,0.079,0.470,6.020,-1.075,0
1993,3,1.552,0.683,0.613,-0.088,-0.042,-0.700,-0.761,-0.039,1.448,1.314,0.070,0.061,0.470,5.910,-1.402,0
1993,4,1.198,0.836,0.769,0.055,0.110,-0.548,-0.594,0.122,1.433,1.320,0.067,0.046,0.440,5.930,-0.911,0
1993,5,1.131,0.833,0.760,0.022,0.080,-0.600,-0.646,0.095,1.478,1.359,0.073,0.046,0.440,5.730,-0.978,0
1993,6,1.177,0.836,0.769,0.034,0.083,-0.606,-0.646,0.095,1.481,1.378,0.067,0.040,0.500,5.780,-0.798,0
1993,7,1.080,0.854,0.805,0.080,0.119,-0.563,-0.609,0.122,1.463,1.369,0.052,0.046,0.500,5.820,-0.777,0
1993,8,1.247,0.839,0.796,0.080,0.113,-0.569,-0.624,0.107,1.463,1.366,0.043,0.055,0.510,5.880,-0.847,0
1993,9,1.323,0.830,0.777,0.063,0.095,-0.587,-0.642,0.094,1.472,1.364,0.053,0.055,0.500,5.940,-0.999,0
1993,10,1.314,0.836,0.757,0.023,0.057,-0.643,-0.709,0.063,1.545,1.400,0.079,0.066,0.500,5.910,-1.011,0
1993,11,1.198,0.766,0.682,-0.034,0.004,-0.673,-0.742,0.012,1.508,1.355,0.084,0.069,0.500,5.870,-1.033,0
1993,12,1.272,0.805,0.704,-0.003,0.036,-0.632,-0.717,0.044,1.522,1.336,0.101,0.085,0.380,5.840,-1.466,0
1994,1,1.256,0.675,0.584,-0.166,-0.117,-0.818,-0.905,-0.115,1.580,1.402,0.091,0.087,0.410,5.950,-1.453,0
1994,2,1.293,0.707,0.626,-0.114,-0.063,-0.751,-0.810,-0.052,1.517,1.377,0.081,0.059,0.530,5.840,-1.243,0
1994,3,1.241,0.779,0.697,-0.042,0.005,-0.687,-0.741,0.019,1.520,1.384,0.082,0.054,0.470,5.920,-1.106,0
1994,4,1.275,0.709,0.634,-0.085,-0.059,-0.752,-0.797,-0.044,1.506,1.386,0.075,0.045,0.440,5.830,-1.057,0
1994,5,1.311,0.821,0.747,0.012,0.067,-0.612,-0.653,0.084,1.474,1.359,0.074,0.041,0.530,6.010,-0.832,0
1994,6,1.192,0.808,0.734,0.026,0.057,-0.620,-0.661,0.073,1.469,1.354,0.074,0.041,0.830,6.150,-0.856,0
1994,7,1.028,0.794,0.738,0.039,0.073,-0.591,-0.645,0.074,1.439,1.329,0.056,0.054,0.520,5.850,-0.798,0
1994,8,1.040,0.773,0.724,0.016,0.058,-0.608,-0.647,0.063,1.420,1.332,0.049,0.039,0.550,5.980,-0.886,0
1994,9,1.150,0.797,0.747,0.038,0.074,-0.599,-0.646,0.075,1.443,1.346,0.050,0.047,0.390,5.860,-0.917,0
1994,10,,0.799,0.759,0.022,0.061,-0.633,-0.667,0.065,1.466,1.393,0.040,0.034,,,,11
1994,11,1.198,0.770,0.687,-0.067,-0.025,-0.737,-0.812,-0.021,1.582,1.424,0.083,0.075,0.550,6.070,-1.331,0
1994,12,1.195,0.766,0.685,-0.063,-0.009,-0.703,-0.766,-0.000,1.532,1.388,0.081,0.063,0.490,6.060,-1.274,0
1995,1,1.317,0.749,0.673,-0.065,-0.019,-0.710,-0.769,-0.010,1.518,1.383,0.076,0.059,0.480,6.000,-1.191,0
1995,2,1.113,0.661,0.594,-0.137,-0.084,-0.761,-0.834,-0.087,1.495,1.355,0.067,0.073,0.440,6.030,-1.176,0
1995,3,1.006,0.740,0.692,-0.057,-0.009,-0.710,-0.744,-0.002,1.484,1.402,0.048,0.034,0.380,5.790,-0.987,0
1995,4,1.095,0.730,0.657,-0.069,-0.034,-0.725,-0.770,-0.020,1.500,1.382,0.073,0.045,0.420,5.860,-1.060,0
1995,5,1.311,0.831,0.767,0.036,0.087,-0.592,-0.645,0.093,1.476,1.359,0.064,0.053,0.560,5.970,-1.017,0
1995,6,1.198,0.756,0.700,-0.025,0.015,-0.670,-0.704,0.026,1.460,1.370,0.056,0.034,0.540,5.950,-0.990,0
1995,7,1.186,0.814,0.762,0.038,0.071,-0.620,-0.665,0.074,1.479,1.382,0.052,0.045,0.420,5.870,-0.886,0
1995,8,1.201,0.863,0.808,0.073,0.115,-0.577,-0.626,0.118,1.489,1.385,0.055,0.049,0.600,5.980,-0.865,0
1995,9,1.092,0.864,0.794,0.051,0.092,-0.610,-0.656,0.104,1.520,1.404,0.070,0.046,0.560,6.020,-0.917,0
1995,10,1.310,0.883,0.803,0.060,0.103,-0.597,-0.652,0.115,1.535,1.400,0.080,0.055,0.470,6.010,-0.890,0
1995,11,1.217,0.890,0.809,0.060,0.115,-0.578,-0.654,0.118,1.544,1.387,0.081,0.076,0.520,5.990,-0.968,0
1995,12,1.406,0.814,0.731,-0.013,0.047,-0.636,-0.703,0.055,1.517,1.367,0.083,0.067,0.500,6.030,-1.192,0
1996,1,1.851,0.872,0.746,0.023,0.089,-0.568,-0.676,0.098,1.548,1.314,0.126,0.108,0.480,6.150,-1.094,0
1996,2,,0.753,0.688,-0.042,0.011,-0.666,-0.723,0.015,1.476,1.354,0.065,0.057,0.480,5.950,,13
1996,3,1.315,0.738,0.654,-0.057,-0.005,-0.663,-0.732,0.003,1.470,1.317,0.084,0.069,0.570,5.820,-1.382,0
1996,4,1.537,0.890,0.788,0.063,0.114,-0.559,-0.613,0.138,1.503,1.347,0.102,0.054,0.520,5.960,-0.891,0
1996,5,1.210,0.861,0.780,0.044,0.089,-0.602,-0.647,0.107,1.508,1.382,0.081,0.045,0.560,5.970,-0.974,0
1996,6,1.154,0.852,0.788,0.049,0.094,-0.600,-0.635,0.108,1.487,1.388,0.064,0.035,0.520,5.850,-0.927,0
1996,7,1.314,0.924,0.858,0.089,0.144,-0.570,-0.623,0.150,1.547,1.428,0.066,0.053,0.550,5.850,-0.920,0
1996,8,1.276,0.871,0.825,0.058,0.103,-0.619,-0.662,0.104,1.533,1.444,0.046,0.043,0.530,5.870,-0.874,0
1996,9,1.202,0.951,0.902,0.154,0.210,-0.482,-0.527,0.212,1.478,1.384,0.049,0.045,0.560,5.790,-0.960,0
1996,10,1.384,0.920,0.852,0.128,0.177,-0.497,-0.547,0.186,1.467,1.349,0.068,0.050,0.500,5.910,-0.877,0
1996,11,1.294,0.870,0.802,0.076,0.126,-0.549,-0.587,0.141,1.457,1.351,0.068,0.038,0.600,5.950,-0.931,0
1996,12,1.430,0.905,0.820,0.097,0.152,-0.515,-0.580,0.162,1.485,1.335,0.085,0.065,0.550,6.090,-1.028,0
1997,1,1.881,0.848,0.734,0.010,0.054,-0.625,-0.718,0.065,1.566,1.359,0.114,0.093,0.560,6.000,-1.179,0
1997,2,1.292,0.791,0.727,-0.014,0.028,-0.671,-0.739,0.026,1.530,1.398,0.064,0.068,0.520,6.020,-1.178,0
1997,3,1.478,0.810,0.732,0.006,0.051,-0.629,-0.691,0.059,1.501,1.361,0.078,0.062,0.560,5.870,-1.337,0
1997,4,1.292,0.930,0.865,0.115,0.172,-0.520,-0.572,0.179,1.502,1.385,0.065,0.052,0.500,5.900,-0.918,0
1997,5,1.428,0.858,0.787,0.047,0.099,-0.588,-0.638,0.110,1.496,1.375,0.071,0.050,0.500,5.920,-0.976,0
1997,6,1.187,0.898,0.838,0.088,0.143,-0.551,-0.586,0.156,1.484,1.389,0.060,0.035,0.560,5.840,-0.860,0
1997,7,1.212,0.839,0.786,0.045,0.098,-0.590,-0.629,0.105,1.468,1.376,0.053,0.039,0.520,5.870,-0.938,0
1997,8,1.483,0.853,0.810,0.073,0.120,-0.570,-0.608,0.122,1.461,1.380,0.043,0.038,0.530,5.820,-0.908,0
1997,9,1.307,0.869,0.789,0.065,0.107,-0.574,-0.612,0.128,1.481,1.363,0.080,0.038,0.530,5.930,-0.931,0
1997,10,1.381,0.877,0.796,0.065,0.108,-0.580,-0.629,0.124,1.506,1.376,0.081,0.049,0.490,5.930,-0.877,0
1997,11,1.520,0.883,0.801,0.064,0.120,-0.561,-0.627,0.128,1.510,1.362,0.082,0.066,0.500,6.000,-1.029,0
1997,12,1.391,0.846,0.756,0.011,0.072,-0.612,-0.686,0.080,1.532,1.368,0.090,0.074,0.460,6.050,-1.146,0
1998,1,1.442,0.884,0.807,0.048,0.112,-0.582,-0.653,0.115,1.537,1.389,0.077,0.071,0.480,5.860,-1.144,0
1998,2,1.364,0.900,0.834,0.114,0.173,-0.487,-0.539,0.180,1.439,1.321,0.066,0.052,0.410,6.010,-0.808,0
1998,3,1.270,0.862,0.787,0.035,0.088,-0.610,-0.663,0.099,1.525,1.397,0.075,0.053,0.440,5.910,-1.129,0
1998,4,1.204,0.915,0.836,0.084,0.145,-0.545,-0.595,0.160,1.510,1.381,0.079,0.050,0.490,5.760,-0.966,0
1998,5,1.296,0.925,0.858,0.124,0.188,-0.482,-0.515,0.205,1.440,1.340,0.067,0.033,0.520,5.830,-0.831,0
1998,6,1.197,0.920,0.856,0.130,0.178,-0.499,-0.534,0.193,1.454,1.355,0.064,0.035,0.590,5.890,-0.767,0
1998,7,1.109,0.883,0.827,0.122,0.159,-0.509,-0.547,0.168,1.430,1.336,0.056,0.038,0.590,5.860,-0.741,0
1998,8,1.119,0.836,0.780,0.074,0.111,-0.558,-0.587,0.124,1.423,1.338,0.056,0.029,0.520,5.890,-0.866,0
1998,9,1.434,0.894,0.827,0.105,0.152,-0.522,-0.567,0.163,1.461,1.349,0.067,0.045,0.600,5.870,-0.863,0
1998,10,1.220,0.822,0.753,0.023,0.064,-0.624,-0.673,0.074,1.495,1.377,0.069,0.049,0.530,6.000,-1.187,0
1998,11,1.297,0.821,0.745,0.001,0.040,-0.665,-0.728,0.046,1.549,1.410,0.076,0.063,0.480,5.970,-0.993,0
1998,12,1.334,0.819,0.725,-0.035,0.008,-0.708,-0.779,0.020,1.598,1.433,0.094,0.071,0.550,6.160,-1.207,0
1999,1,1.406,0.781,0.695,-0.064,-0.003,-0.700,-0.791,-0.005,1.572,1.395,0.086,0.091,0.540,6.030,-1.309,0
1999,2,1.502,0.845,0.778,0.045,0.102,-0.573,-0.631,0.107,1.476,1.351,0.067,0.058,0.570,6.000,-0.893,0
1999,3,1.507,0.794,0.730,-0.023,0.032,-0.665,-0.731,0.031,1.525,1.395,0.064,0.066,0.630,5.990,-1.088,0
1999,4,1.328,0.838,0.760,0.033,0.075,-0.610,-0.646,0.096,1.484,1.370,0.078,0.036,0.560,5.950,-0.969,0
1999,5,1.244,0.837,0.758,0.032,0.078,-0.602,-0.637,0.100,1.474,1.360,0.079,0.035,0.570,5.830,-1.036,0
1999,6,1.266,0.810,0.747,0.026,0.069,-0.608,-0.641,0.084,1.451,1.355,0.063,0.033,0.560,5.850,-0.964,0
1999,7,1.225,0.850,0.798,0.079,0.116,-0.566,-0.605,0.122,1.455,1.364,0.052,0.039,0.570,5.870,-0.889,0
1999,8,1.167,0.895,0.833,0.089,0.132,-0.568,-0.612,0.141,1.507,1.401,0.062,0.044,0.520,5.870,-0.863,0
1999,9,1.384,0.901,0.835,0.086,0.132,-0.571,-0.632,0.134,1.533,1.406,0.066,0.061,0.510,5.850,-0.931,0
1999,10,1.342,0.829,0.776,0.030,0.081,-0.613,-0.676,0.076,1.505,1.389,0.053,0.063,0.540,5.890,-1.105,0
1999,11,1.312,0.801,0.725,-0.012,0.032,-0.661,-0.715,0.043,1.516,1.386,0.076,0.054,0.580,5.920,-1.056,0
1999,12,1.170,0.773,0.680,-0.047,0.007,-0.665,-0.744,0.014,1.517,1.345,0.093,0.079,0.540,6.060,-1.248,0
2000,1,1.293,0.733,0.617,-0.135,-0.067,-0.751,-0.830,-0.049,1.563,1.368,0.116,0.079,0.530,6.090,-1.208,0
2000,2,1.109,0.661,0.578,-0.137,-0.086,-0.749,-0.821,-0.080,1.482,1.327,0.083,0.072,0.530,5.980,-1.146,0
2000,3,1.041,0.741,0.686,-0.009,0.038,-0.609,-0.653,0.044,1.394,1.295,0.055,0.044,0.570,5.870,-0.895,0
2000,4,1.133,0.799,0.736,0.016,0.066,-0.603,-0.663,0.068,1.462,1.339,0.063,0.060,0.530,6.040,-1.004,0
2000,5,1.146,0.873,0.796,0.059,0.111,-0.573,-0.625,0.124,1.498,1.369,0.077,0.052,0.550,5.970,-0.969,0
2000,6,1.256,0.862,0.785,0.045,0.096,-0.592,-0.631,0.115,1.493,1.377,0.077,0.039,0.550,5.880,-0.996,0
2000,7,1.271,0.900,0.833,0.088,0.142,-0.549,-0.605,0.147,1.505,1.382,0.067,0.056,0.560,6.050,-0.912,0
2000,8,1.249,0.861,0.809,0.059,0.106,-0.596,-0.645,0.108,1.506,1.405,0.052,0.049,0.560,5.830,-0.908,0
2000,9,1.260,0.847,0.786,0.058,0.096,-0.593,-0.636,0.105,1.483,1.379,0.061,0.043,0.540,5.920,-0.899,0
2000,10,1.067,0.790,0.720,0.007,0.053,-0.614,-0.673,0.058,1.463,1.334,0.070,0.059,0.540,6.050,-0.945,0
2000,11,1.203,0.838,0.770,0.053,0.102,-0.566,-0.612,0.113,1.450,1.336,0.068,0.046,0.510,5.920,-0.953,0
2000,12,1.655,0.733,0.614,-0.099,-0.056,-0.726,-0.821,-0.044,1.554,1.340,0.119,0.095,0.520,6.020,-1.451,0
2001,1,1.223,0.744,0.671,-0.034,0.018,-0.634,-0.691,0.026,1.435,1.305,0.073,0.057,0.490,5.870,-1.032,0
2001,2,1.156,0.692,0.608,-0.126,-0.079,-0.766,-0.838,-0.073,1.530,1.374,0.084,0.072,0.510,6.040,-1.539,0
2001,3,1.318,0.786,0.724,0.011,0.058,-0.607,-0.664,0.061,1.450,1.331,0.062,0.057,0.520,5.920,-1.183,0
2001,4,1.169,0.767,0.707,-0.006,0.035,-0.637,-0.678,0.044,1.445,1.344,0.060,0.041,0.480,5.860,-0.954,0
2001,5,1.089,0.815,0.750,0.021,0.079,-0.591,-0.627,0.094,1.442,1.341,0.065,0.036,0.500,5.920,-0.958,0
2001,6,1.184,0.849,0.781,0.052,0.099,-0.582,-0.614,0.117,1.463,1.363,0.068,0.032,0.560,5.820,-0.872,0
2001,7,1.190,0.854,0.785,0.073,0.116,-0.553,-0.590,0.132,1.444,1.338,0.069,0.037,0.620,5.920,-0.840,0
2001,8,1.229,0.820,0.772,0.071,0.107,-0.558,-0.596,0.112,1.416,1.330,0.048,0.038,0.610,5.900,-0.932,0
2001,9,1.247,0.856,0.793,0.095,0.129,-0.535,-0.578,0.139,1.434,1.328,0.063,0.043,0.560,5.930,-0.885,0
2001,10,1.406,0.806,0.740,0.047,0.075,-0.589,-0.634,0.086,1.440,1.329,0.066,0.045,0.540,5.950,-1.066,0
2001,11,1.105,0.771,0.698,-0.005,0.033,-0.631,-0.676,0.047,1.447,1.329,0.073,0.045,0.540,6.000,-0.970,0
2001,12,1.044,0.789,0.723,-0.001,0.041,-0.641,-0.695,0.047,1.484,1.364,0.066,0.054,0.470,6.000,-1.036,0
2002,1,1.327,0.767,0.663,-0.079,-0.030,-0.723,-0.797,-0.015,1.564,1.386,0.104,0.074,0.450,5.940,-1.403,0
2002,2,1.230,0.771,0.709,0.006,0.045,-0.619,-0.680,0.045,1.451,1.328,0.062,0.061,0.490,5.960,-1.166,0
2002,3,1.254,0.680,0.624,-0.109,-0.074,-0.771,-0.830,-0.075,1.510,1.395,0.056,0.059,0.520,5.860,-1.279,0
2002,4,1.343,0.744,0.680,-0.040,0.003,-0.673,-0.715,0.014,1.459,1.353,0.064,0.042,0.500,5.930,-1.371,0
2002,5,1.180,0.814,0.714,-0.014,0.034,-0.645,-0.698,0.058,1.512,1.359,0.100,0.053,0.420,5.790,-0.948,0
2002,6,1.017,0.794,0.728,0.037,0.079,-0.569,-0.596,0.099,1.390,1.297,0.066,0.027,0.530,5.880,-0.877,0
2002,7,1.059,0.796,0.731,0.050,0.080,-0.571,-0.602,0.097,1.398,1.302,0.065,0.031,0.570,5.940,-0.796,0
2002,8,1.064,0.800,0.732,0.051,0.083,-0.565,-0.605,0.097,1.405,1.297,0.068,0.040,0.470,5.860,-0.872,0
2002,9,1.270,0.859,0.769,0.074,0.104,-0.561,-0.600,0.129,1.459,1.330,0.090,0.039,0.490,5.920,-0.961,0
2002,10,1.382,0.861,0.777,0.070,0.107,-0.562,-0.622,0.119,1.483,1.339,0.084,0.060,0.450,6.190,-1.084,0
2002,11,1.512,0.820,0.709,-0.007,0.029,-0.650,-0.704,0.058,1.524,1.359,0.111,0.054,0.500,5.980,-1.180,0
2002,12,1.184,0.836,0.718,-0.020,0.027,-0.664,-0.745,0.045,1.581,1.382,0.118,0.081,0.540,6.160,-1.233,0
2003,1,1.212,0.718,0.626,-0.098,-0.041,-0.707,-0.792,-0.037,1.510,1.333,0.092,0.085,0.490,5.940,-1.390,0
2003,2,1.180,0.639,0.537,-0.170,-0.122,-0.780,-0.856,-0.109,1.495,1.317,0.102,0.076,0.400,6.010,-1.209,0
2003,3,1.188,0.750,0.681,-0.020,0.024,-0.632,-0.689,0.030,1.439,1.313,0.069,0.057,0.400,5.920,-0.961,0
2003,4,1.185,0.768,0.689,-0.005,0.033,-0.623,-0.667,0.050,1.435,1.312,0.079,0.044,0.500,5.840,-1.088,0
2003,5,1.174,0.809,0.727,0.028,0.073,-0.580,-0.610,0.099,1.419,1.307,0.082,0.030,0.450,5.820,-1.002,0
2003,6,1.261,0.846,0.777,0.087,0.133,-0.510,-0.536,0.155,1.382,1.287,0.069,0.026,0.400,5.800,-0.782,0
2003,7,1.164,0.831,0.768,0.087,0.115,-0.538,-0.564,0.133,1.395,1.306,0.063,0.026,0.420,5.850,-0.726,0
2003,8,1.102,0.856,0.796,0.090,0.119,-0.557,-0.597,0.129,1.453,1.353,0.060,0.040,0.420,5.820,-0.821,0
2003,9,1.381,0.877,0.807,0.108,0.142,-0.523,-0.565,0.156,1.442,1.330,0.070,0.042,0.360,5.880,-0.798,0
2003,10,1.632,0.874,0.777,0.060,0.108,-0.560,-0.620,0.127,1.494,1.337,0.097,0.060,0.380,5.990,-0.946,0
2003,11,1.379,0.803,0.728,0.017,0.066,-0.595,-0.642,0.080,1.445,1.323,0.075,0.047,0.460,5.950,-1.039,0
2003,12,1.360,0.808,0.689,-0.000,0.034,-0.621,-0.720,0.044,1.528,1.310,0.119,0.099,0.390,5.970,-1.226,0
2004,1,1.187,0.654,0.571,-0.060,-0.019,-0.609,-0.673,-0.010,1.327,1.180,0.083,0.064,0.440,6.000,-1.034,0
2004,2,1.179,0.653,0.577,-0.101,-0.067,-0.711,-0.776,-0.062,1.429,1.288,0.076,0.065,0.470,5.880,-1.086,0
2004,3,1.161,0.674,0.603,-0.062,-0.023,-0.649,-0.706,-0.016,1.380,1.252,0.071,0.057,0.390,5.810,-1.063,0
2004,4,1.086,0.713,0.636,-0.030,-0.003,-0.641,-0.684,0.014,1.397,1.277,0.077,0.043,0.390,5.910,-1.001,0
2004,5,1.187,0.774,0.695,0.004,0.032,-0.630,-0.670,0.052,1.444,1.325,0.079,0.040,0.470,5.820,-1.024,0
2004,6,1.247,0.840,0.758,0.046,0.090,-0.578,-0.608,0.116,1.448,1.336,0.082,0.030,0.420,5.800,-0.854,0
2004,7,1.164,0.842,0.770,0.058,0.099,-0.571,-0.615,0.113,1.457,1.341,0.072,0.044,0.440,5.720,-0.828,0
2004,8,1.168,0.844,0.782,0.063,0.107,-0.568,-0.613,0.115,1.457,1.350,0.062,0.045,0.420,5.800,-0.844,0
2004,9,1.251,0.838,0.766,0.070,0.103,-0.559,-0.599,0.119,1.437,1.325,0.072,0.040,0.500,5.950,-0.854,0
2004,10,1.210,0.891,0.829,0.139,0.175,-0.478,-0.520,0.185,1.411,1.307,0.062,0.042,0.420,6.020,-0.783,0
2004,11,1.164,0.829,0.729,0.049,0.084,-0.560,-0.625,0.102,1.454,1.289,0.100,0.065,0.440,5.900,-0.975,0
2004,12,1.355,0.818,0.709,0.021,0.063,-0.583,-0.648,0.085,1.466,1.292,0.109,0.065,0.390,6.070,-0.921,0
2005,1,1.272,0.802,0.693,0.008,0.059,-0.575,-0.656,0.073,1.458,1.268,0.109,0.081,0.430,5.860,-1.081,0
2005,2,1.378,0.797,0.716,0.017,0.070,-0.575,-0.638,0.079,1.435,1.291,0.081,0.063,0.400,5.930,-1.018,0
2005,3,1.180,0.801,0.727,0.046,0.088,-0.551,-0.625,0.088,1.426,1.278,0.074,0.074,0.400,5.750,-1.387,0
2005,4,1.615,0.906,0.824,0.135,0.185,-0.454,-0.499,0.203,1.405,1.278,0.082,0.045,0.380,5.780,-0.844,0
2005,5,1.374,0.900,0.825,0.123,0.188,-0.448,-0.500,0.200,1.400,1.273,0.075,0.052,0.440,5.710,-0.786,0
2005,6,1.220,0.904,0.826,0.127,0.173,-0.479,-0.505,0.199,1.409,1.305,0.078,0.026,0.460,5.780,-0.746,0
2005,7,1.277,0.856,0.794,0.111,0.152,-0.489,-0.525,0.165,1.381,1.283,0.062,0.036,0.520,5.790,-0.780,0
2005,8,1.328,0.828,0.772,0.106,0.140,-0.491,-0.532,0.148,1.360,1.263,0.056,0.041,0.530,5.760,-0.777,0
2005,9,1.244,0.778,0.728,0.080,0.104,-0.519,-0.568,0.105,1.346,1.247,0.050,0.049,0.450,5.800,-0.856,0
2005,10,1.284,0.852,0.777,0.110,0.145,-0.486,-0.533,0.159,1.385,1.263,0.075,0.047,0.480,5.920,-1.012,0
2005,11,1.117,0.810,0.732,0.066,0.102,-0.528,-0.603,0.103,1.413,1.260,0.078,0.075,0.440,5.840,-0.920,0
2005,12,1.328,0.800,0.696,-0.014,0.045,-0.606,-0.692,0.054,1.492,1.302,0.104,0.086,0.440,5.790,-1.086,0
2006,1,1.475,0.826,0.729,0.018,0.063,-0.602,-0.680,0.073,1.506,1.331,0.097,0.078,0.460,5.900,-1.029,0
2006,2,1.402,0.770,0.660,-0.010,0.036,-0.587,-0.669,0.050,1.439,1.247,0.110,0.082,0.460,5.980,-1.077,0
2006,3,1.175,0.755,0.690,-0.018,0.024,-0.642,-0.689,0.033,1.444,1.332,0.065,0.047,0.380,5.740,-0.988,0
2006,4,1.202,0.794,0.699,0.015,0.054,-0.590,-0.625,0.084,1.419,1.289,0.095,0.035,0.390,5.850,-0.941,0
2006,5,1.199,0.869,0.781,0.096,0.155,-0.471,-0.507,0.181,1.376,1.252,0.088,0.036,0.390,5.730,-0.712,0
2006,6,1.014,0.861,0.782,0.112,0.159,-0.463,-0.491,0.185,1.352,1.245,0.079,0.028,0.480,5.780,-0.644,0
2006,7,1.153,0.846,0.764,0.111,0.138,-0.487,-0.534,0.156,1.380,1.251,0.082,0.047,0.520,5.790,-0.733,0
2006,8,1.160,0.843,0.768,0.109,0.138,-0.491,-0.533,0.155,1.376,1.259,0.075,0.042,0.470,5.780,-0.862,0
2006,9,1.281,0.881,0.802,0.129,0.164,-0.474,-0.522,0.179,1.403,1.276,0.079,0.048,0.450,5.790,-0.915,0
2006,10,1.822,0.943,0.812,0.118,0.166,-0.480,-0.545,0.199,1.488,1.292,0.131,0.065,0.410,6.080,-0.931,0
2006,11,1.193,0.847,0.776,0.079,0.139,-0.498,-0.542,0.152,1.389,1.274,0.071,0.044,0.420,5.710,-1.004,0
2006,12,1.183,0.772,0.689,-0.029,0.024,-0.641,-0.715,0.028,1.487,1.330,0.083,0.074,0.430,5.990,-1.075,0
2007,1,1.041,0.731,0.643,-0.041,0.006,-0.631,-0.704,0.013,1.435,1.274,0.088,0.073,0.350,6.020,-1.244,0
2007,2,1.146,0.662,0.559,-0.134,-0.090,-0.739,-0.817,-0.078,1.479,1.298,0.103,0.078,0.370,5.790,-1.279,0
2007,3,1.350,0.612,0.542,-0.127,-0.089,-0.719,-0.798,-0.093,1.410,1.261,0.070,0.079,0.380,5.830,-1.362,0
2007,4,2.031,0.856,0.742,0.055,0.105,-0.532,-0.597,0.129,1.453,1.274,0.114,0.065,0.440,5.810,-0.911,0
2007,5,1.210,0.748,0.665,-0.010,0.038,-0.588,-0.621,0.063,1.369,1.253,0.083,0.033,0.470,5.820,-0.870,0
2007,6,1.226,0.857,0.786,0.106,0.156,-0.473,-0.518,0.169,1.375,1.259,0.071,0.045,0.410,5.770,-0.711,0
2007,7,1.098,0.830,0.764,0.092,0.131,-0.501,-0.539,0.145,1.369,1.265,0.066,0.038,0.420,5.700,-0.704,0
2007,8,1.142,0.851,0.784,0.091,0.128,-0.527,-0.575,0.138,1.426,1.311,0.067,0.048,0.410,5.680,-0.838,0
2007,9,1.387,0.824,0.753,0.051,0.084,-0.584,-0.637,0.093,1.461,1.337,0.071,0.053,0.350,5.800,-0.903,0
2007,10,1.330,0.864,0.787,0.106,0.140,-0.507,-0.562,0.151,1.426,1.294,0.077,0.055,0.370,5.710,-0.930,0
2007,11,1.197,0.798,0.720,0.020,0.072,-0.575,-0.644,0.077,1.442,1.295,0.078,0.069,0.380,5.950,-1.079,0
2007,12,1.400,0.764,0.648,-0.039,0.005,-0.638,-0.711,0.026,1.475,1.286,0.116,0.073,0.350,6.010,-1.113,0
2008,1,1.060,0.741,0.644,-0.026,0.012,-0.619,-0.700,0.020,1.441,1.263,0.097,0.081,0.510,5.920,-1.111,0
2008,2,1.135,0.747,0.648,-0.028,0.005,-0.638,-0.710,0.018,1.457,1.286,0.099,0.072,0.480,5.980,-1.200,0
2008,3,1.453,0.748,0.650,-0.010,0.025,-0.599,-0.672,0.038,1.420,1.249,0.098,0.073,0.450,5.770,-1.395,0
2008,4,1.161,0.787,0.701,0.023,0.065,-0.570,-0.624,0.081,1.411,1.271,0.086,0.054,0.340,5.810,-1.013,0
2008,5,1.284,0.928,0.830,0.132,0.189,-0.452,-0.499,0.214,1.427,1.282,0.098,0.047,0.370,5.810,-0.837,0
2008,6,1.229,0.889,0.802,0.101,0.149,-0.504,-0.544,0.172,1.433,1.306,0.087,0.040,0.410,5.820,-0.856,0
2008,7,1.237,0.882,0.808,0.102,0.156,-0.496,-0.545,0.168,1.427,1.304,0.074,0.049,0.440,5.870,-0.786,0
2008,8,1.195,0.873,0.801,0.095,0.136,-0.528,-0.580,0.146,1.453,1.329,0.072,0.052,0.410,5.900,-0.842,0
2008,9,1.165,0.853,0.783,0.092,0.128,-0.526,-0.572,0.140,1.425,1.309,0.070,0.046,0.360,5.850,-0.799,0
2008,10,1.276,0.881,0.802,0.114,0.155,-0.492,-0.554,0.163,1.435,1.294,0.079,0.062,0.450,5.940,-0.818,0
2008,11,1.366,0.829,0.761,0.057,0.117,-0.527,-0.578,0.125,1.407,1.288,0.068,0.051,0.440,5.870,-0.941,0
2008,12,1.817,0.734,0.637,-0.040,0.009,-0.618,-0.721,0.006,1.455,1.255,0.097,0.103,0.410,6.000,-1.160,0
2009,1,1.270,0.728,0.633,-0.060,-0.010,-0.652,-0.724,0.002,1.452,1.285,0.095,0.072,0.480,5.890,-1.173,0
2009,2,1.204,0.767,0.694,-0.005,0.039,-0.616,-0.678,0.044,1.445,1.310,0.073,0.062,0.410,6.050,-1.026,0
2009,3,1.149,0.752,0.699,-0.006,0.045,-0.609,-0.666,0.043,1.418,1.308,0.053,0.057,0.400,5.800,-1.040,0
2009,4,1.162,0.823,0.743,0.041,0.095,-0.553,-0.599,0.112,1.422,1.296,0.080,0.046,0.280,5.700,-0.904,0
2009,5,1.147,0.823,0.754,0.050,0.100,-0.554,-0.599,0.112,1.422,1.308,0.069,0.045,0.410,5.710,-0.841,0
2009,6,1.345,0.939,0.872,0.166,0.218,-0.435,-0.476,0.231,1.415,1.307,0.067,0.041,0.450,5.850,-0.671,0
2009,7,1.284,0.916,0.859,0.174,0.223,-0.412,-0.458,0.229,1.374,1.271,0.057,0.046,0.470,5.840,-0.812,0
2009,8,1.301,0.864,0.805,0.123,0.166,-0.472,-0.512,0.176,1.376,1.277,0.059,0.040,0.410,5.800,-0.799,0
2009,9,1.236,0.858,0.808,0.127,0.171,-0.466,-0.508,0.175,1.366,1.274,0.050,0.042,0.450,5.790,-0.843,0
2009,10,1.365,0.934,0.853,0.157,0.208,-0.436,-0.499,0.217,1.433,1.289,0.081,0.063,0.420,5.830,-0.881,0
2009,11,1.295,0.879,0.806,0.113,0.165,-0.476,-0.529,0.175,1.408,1.282,0.073,0.053,0.440,5.770,-0.751,0
2009,12,1.631,0.857,0.749,0.032,0.088,-0.573,-0.652,0.102,1.509,1.322,0.108,0.079,0.470,5.740,-1.156,0
2010,1,1.332,0.885,0.793,0.046,0.115,-0.563,-0.644,0.120,1.529,1.356,0.092,0.081,0.350,5.860,-1.442,0
2010,2,1.510,0.881,0.804,0.113,0.158,-0.488,-0.551,0.165,1.432,1.292,0.077,0.063,0.430,5.850,-1.011,0
2010,3,1.555,0.976,0.903,0.176,0.245,-0.413,-0.466,0.255,1.442,1.316,0.073,0.053,0.370,5.750,-0.775,0
2010,4,1.481,0.919,0.847,0.136,0.189,-0.469,-0.504,0.207,1.423,1.316,0.072,0.035,0.410,5.770,-0.780,0
2010,5,1.153,0.873,0.794,0.097,0.137,-0.519,-0.559,0.157,1.432,1.313,0.079,0.040,0.420,5.770,-0.772,0
2010,6,1.146,0.915,0.848,0.165,0.201,-0.446,-0.490,0.212,1.405,1.294,0.067,0.044,0.470,5.650,-0.680,0
2010,7,1.227,0.892,0.825,0.132,0.171,-0.482,-0.534,0.179,1.426,1.307,0.067,0.052,0.480,5.750,-0.746,0
2010,8,1.343,0.916,0.850,0.156,0.193,-0.464,-0.511,0.202,1.427,1.314,0.066,0.047,0.420,5.690,-0.780,0
2010,9,1.391,0.936,0.855,0.160,0.200,-0.454,-0.524,0.206,1.460,1.309,0.081,0.070,,,-0.757,0
2010,10,1.436,0.934,0.859,0.134,0.192,-0.475,-0.526,0.204,1.460,1.334,0.075,0.051,0.330,5.800,-0.907,0
2010,11,1.467,0.930,0.840,0.111,0.178,-0.484,-0.536,0.197,1.466,1.324,0.090,0.052,0.330,5.820,-0.859,0
2010,12,1.259,0.931,0.830,0.094,0.162,-0.505,-0.580,0.175,1.511,1.335,0.101,0.075,0.360,5.870,-0.921,0
2011,1,1.309,0.826,0.747,0.012,0.072,-0.602,-0.666,0.080,1.492,1.349,0.079,0.064,0.470,6.040,-1.001,0
2011,2,1.270,0.810,0.709,-0.002,0.041,-0.626,-0.707,0.051,1.517,1.335,0.101,0.081,,,-1.186,0
2011,3,1.303,0.835,0.746,0.029,0.083,-0.580,-0.649,0.093,1.484,1.326,0.089,0.069,0.450,5.860,-1.049,0
2011,4,1.455,0.871,0.791,0.080,0.132,-0.526,-0.592,0.139,1.463,1.317,0.080,0.066,0.450,5.800,-0.960,0
2011,5,1.369,0.941,0.861,0.144,0.204,-0.452,-0.490,0.225,1.431,1.313,0.080,0.038,0.400,5.770,-0.774,0
2011,6,1.317,0.955,0.891,0.180,0.231,-0.429,-0.470,0.242,1.425,1.320,0.064,0.041,0.470,5.750,-0.705,0
2011,7,1.271,0.942,0.888,0.174,0.218,-0.451,-0.489,0.226,1.431,1.339,0.054,0.038,0.420,5.650,-0.690,0
2011,8,1.789,1.021,0.942,0.204,0.253,-0.436,-0.500,0.260,1.521,1.378,0.079,0.064,0.380,5.700,-1.031,0
2011,9,1.509,0.987,0.914,0.165,0.226,-0.462,-0.525,0.231,1.512,1.376,0.073,0.063,0.390,5.690,-0.752,0
2011,10,1.435,0.991,0.921,0.168,0.225,-0.470,-0.532,0.229,1.523,1.391,0.070,0.062,0.390,5.840,-0.947,0
2011,11,1.430,0.888,0.799,0.073,0.132,-0.534,-0.585,0.151,1.473,1.333,0.089,0.051,0.380,5.800,-0.898,0
2011,12,1.498,0.832,0.756,0.036,0.093,-0.569,-0.623,0.104,1.455,1.325,0.076,0.054,0.400,5.780,-1.026,0
2012,1,1.500,0.780,0.690,-0.010,0.024,-0.642,-0.719,0.030,1.499,1.332,0.090,0.077,0.470,5.890,-1.075,0
2012,2,1.060,0.766,0.703,-0.018,0.021,-0.661,-0.722,0.022,1.488,1.364,0.063,0.061,0.440,5.730,-1.184,0
2012,3,1.121,0.783,0.703,0.018,0.052,-0.598,-0.676,0.053,1.459,1.301,0.080,0.078,,,-1.152,0
2012,4,1.377,0.909,0.831,0.099,0.149,-0.533,-0.567,0.171,1.476,1.364,0.078,0.034,0.310,5.650,-0.867,0
2012,5,1.329,0.892,0.821,0.079,0.137,-0.547,-0.578,0.157,1.470,1.368,0.071,0.031,0.370,5.720,-0.882,0
2012,6,1.516,0.990,0.919,0.175,0.238,-0.442,-0.484,0.253,1.474,1.361,0.071,0.042,0.330,5.790,-0.648,0
2012,7,1.308,0.957,0.889,0.135,0.195,-0.498,-0.543,0.207,1.500,1.387,0.068,0.045,0.410,5.720,-0.752,0
2012,8,1.274,0.932,0.878,0.147,0.186,-0.506,-0.551,0.190,1.483,1.384,0.054,0.045,0.460,5.850,-0.750,0
2012,9,1.293,0.884,0.833,0.108,0.144,-0.544,-0.592,0.146,1.476,1.377,0.051,0.048,0.420,5.780,-0.810,0
2012,10,2.116,0.967,0.892,0.165,0.208,-0.476,-0.527,0.220,1.494,1.368,0.075,0.051,0.310,5.890,-0.957,0
2012,11,1.314,0.852,0.791,0.070,0.125,-0.541,-0.579,0.136,1.431,1.332,0.061,0.038,0.380,5.830,-1.009,0
2012,12,1.480,0.903,0.815,0.097,0.143,-0.528,-0.594,0.154,1.497,1.343,0.088,0.066,0.370,5.860,-1.029,0
2013,1,1.304,0.766,0.681,-0.031,0.001,-0.679,-0.759,0.003,1.525,1.360,0.085,0.080,,,-1.093,0
2013,2,1.278,0.771,0.698,-0.029,0.033,-0.631,-0.717,0.027,1.488,1.329,0.073,0.086,0.400,5.950,-1.013,0
2013,3,1.443,0.921,0.820,0.117,0.165,-0.489,-0.551,0.185,1.472,1.309,0.101,0.062,,,-0.828,0
2013,4,1.260,0.837,0.757,0.023,0.081,-0.595,-0.646,0.095,1.483,1.352,0.080,0.051,0.260,5.660,-0.908,0
2013,5,1.124,0.832,0.777,0.042,0.096,-0.584,-0.618,0.107,1.450,1.361,0.055,0.034,0.410,5.730,-0.981,0
2013,6,1.324,0.925,0.867,0.133,0.192,-0.482,-0.529,0.198,1.454,1.349,0.058,0.047,0.400,5.700,-0.792,0
2013,7,1.380,0.919,0.872,0.155,0.199,-0.474,-0.511,0.204,1.430,1.346,0.047,0.037,0.410,5.750,-0.758,0
2013,9,1.241,0.897,0.848,0.134,0.174,-0.500,-0.534,0.181,1.431,1.348,0.049,0.034,0.390,5.810,-0.843,0
2013,10,1.319,0.903,0.856,0.134,0.169,-0.517,-0.560,0.171,1.463,1.373,0.047,0.043,0.350,5.850,-0.798,0
2013,11,1.288,0.839,0.747,-0.003,0.054,-0.638,-0.704,0.067,1.543,1.385,0.092,0.066,0.340,6.040,-0.914,0
2013,12,1.280,0.799,0.719,-0.023,0.020,-0.678,-0.733,0.033,1.532,1.397,0.080,0.055,0.310,5.850,-1.016,0
2014,1,1.278,0.764,0.685,-0.059,-0.016,-0.716,-0.785,-0.011,1.549,1.401,0.079,0.069,0.340,5.850,-1.253,0
2014,2,1.152,0.742,0.657,-0.084,-0.035,-0.726,-0.808,-0.033,1.550,1.383,0.085,0.082,0.380,5.780,-1.122,0
2014,3,1.191,0.798,0.730,-0.039,0.018,-0.694,-0.748,0.025,1.546,1.424,0.068,0.054,0.400,5.810,-1.079,0
2014,4,1.263,0.874,0.790,0.057,0.106,-0.577,-0.628,0.123,1.502,1.367,0.084,0.051,0.400,5.740,-1.103,0
2014,5,1.182,0.895,0.824,0.093,0.141,-0.542,-0.586,0.154,1.481,1.366,0.071,0.044,0.410,5.700,-0.821,0
2014,6,1.237,0.905,0.835,0.113,0.158,-0.519,-0.545,0.180,1.450,1.354,0.070,0.026,0.390,5.700,-0.762,0
2014,7,1.251,0.904,0.834,0.122,0.158,-0.517,-0.557,0.173,1.461,1.351,0.070,0.040,0.400,5.750,-0.818,0
2014,8,1.454,0.932,0.863,0.134,0.175,-0.513,-0.551,0.190,1.483,1.376,0.069,0.038,0.390,5.710,-0.815,0
2014,9,1.360,0.911,0.849,0.112,0.154,-0.541,-0.591,0.160,1.502,1.390,0.062,0.050,0.360,5.780,-0.838,0
2014,10,1.321,0.975,0.903,0.165,0.207,-0.488,-0.535,0.220,1.510,1.391,0.072,0.047,0.320,5.840,-0.892,0
2014,11,1.500,0.884,0.800,0.046,0.099,-0.601,-0.669,0.107,1.553,1.401,0.084,0.068,0.290,5.900,-0.957,0
2014,12,1.220,0.869,0.804,0.053,0.109,-0.586,-0.650,0.109,1.519,1.390,0.065,0.064,0.390,5.710,-1.065,0
2015,1,1.167,0.735,0.652,-0.087,-0.040,-0.732,-0.808,-0.037,1.543,1.384,0.083,0.076,0.330,5.880,-1.132,0
2015,2,1.345,0.758,0.666,-0.076,-0.020,-0.705,-0.771,-0.007,1.529,1.371,0.092,0.066,0.380,5.770,-1.387,0
2015,3,1.254,0.684,0.603,-0.113,-0.068,-0.738,-0.811,-0.064,1.495,1.341,0.081,0.073,0.380,5.860,-1.208,0
2015,4,1.404,0.786,0.713,-0.004,0.032,-0.649,-0.695,0.045,1.481,1.362,0.073,0.046,0.420,5.730,-1.008,0
2015,5,1.125,0.754,0.688,-0.022,0.013,-0.661,-0.692,0.031,1.446,1.349,0.066,0.031,0.440,5.750,-0.920,0
2015,6,1.098,0.887,0.818,0.072,0.125,-0.568,-0.613,0.137,1.500,1.386,0.069,0.045,0.350,5.770,-0.774,0
2015,7,1.147,0.940,0.883,0.145,0.192,-0.499,-0.533,0.203,1.473,1.382,0.057,0.034,0.380,5.790,-0.763,0
2015,8,1.218,0.921,0.881,0.125,0.169,-0.542,-0.577,0.172,1.498,1.423,0.040,0.035,0.360,5.800,-0.858,0
2015,9,1.586,0.924,0.875,0.117,0.160,-0.554,-0.609,0.157,1.533,1.429,0.049,0.055,0.340,5.710,-0.981,0
2015,10,1.418,0.931,0.865,0.114,0.162,-0.540,-0.593,0.169,1.524,1.405,0.066,0.053,0.290,5.800,-1.052,0
2015,11,1.190,0.834,0.770,0.029,0.075,-0.619,-0.672,0.081,1.506,1.389,0.064,0.053,0.400,5.780,-1.059,0
2015,12,1.178,0.832,0.766,0.043,0.079,-0.608,-0.667,0.082,1.499,1.374,0.066,0.059,0.380,5.940,-0.982,0
2016,1,1.357,0.823,0.753,0.044,0.089,-0.574,-0.656,0.083,1.479,1.327,0.070,0.082,0.380,5.980,-1.291,0
2016,2,1.581,0.826,0.752,0.027,0.069,-0.613,-0.691,0.067,1.517,1.365,0.074,0.078,0.400,5.980,-1.126,0
2016,3,1.233,0.852,0.784,0.059,0.107,-0.569,-0.620,0.116,1.472,1.353,0.068,0.051,0.370,5.880,-0.943,0
2016,4,1.557,0.922,0.849,0.107,0.162,-0.524,-0.572,0.175,1.494,1.373,0.073,0.048,0.310,5.780,-1.265,0
2016,5,1.415,0.900,0.847,0.097,0.155,-0.537,-0.571,0.164,1.471,1.384,0.053,0.034,0.360,5.740,-0.772,0
2016,6,1.495,0.966,0.902,0.147,0.199,-0.504,-0.547,0.209,1.513,1.406,0.064,0.043,0.370,5.830,-0.754,0
2016,7,1.143,0.970,0.907,0.156,0.199,-0.509,-0.547,0.211,1.517,1.416,0.063,0.038,0.440,5.810,-0.808,0
2016,8,1.237,0.928,0.877,0.134,0.173,-0.531,-0.573,0.177,1.501,1.408,0.051,0.042,0.430,5.800,-0.797,0
2016,9,1.241,0.942,0.891,0.146,0.194,-0.503,-0.540,0.201,1.482,1.394,0.051,0.037,0.380,5.880,-0.860,0
2016,10,1.437,0.929,0.855,0.119,0.165,-0.524,-0.582,0.173,1.511,1.379,0.074,0.058,0.400,5.920,-0.845,0
2016,11,1.356,0.879,0.811,0.074,0.128,-0.555,-0.604,0.137,1.483,1.366,0.068,0.049,0.420,5.790,-1.035,0
2016,12,1.337,0.846,0.756,0.005,0.059,-0.637,-0.739,0.053,1.585,1.393,0.090,0.102,0.390,6.050,-1.528,0
2017,1,1.285,0.859,0.770,0.024,0.078,-0.614,-0.676,0.091,1.535,1.384,0.089,0.062,0.320,5.840,-1.133,0
2017,2,1.190,0.818,0.760,0.020,0.068,-0.624,-0.698,0.060,1.516,1.384,0.058,0.074,0.400,6.020,-1.218,0
2017,3,1.232,0.726,0.670,-0.084,-0.034,-0.737,-0.823,-0.049,1.549,1.407,0.056,0.086,0.310,5.850,-1.284,0
2017,4,1.287,0.922,0.859,0.114,0.165,-0.529,-0.575,0.173,1.497,1.388,0.063,0.046,0.380,5.750,-0.909,0
2017,5,1.458,0.997,0.928,0.177,0.229,-0.469,-0.513,0.242,1.510,1.397,0.069,0.044,0.380,5.730,-0.735,0
2017,6,1.438,0.973,0.913,0.175,0.224,-0.465,-0.502,0.235,1.475,1.378,0.060,0.037,0.420,5.770,-0.917,0
2017,7,1.341,0.956,0.900,0.175,0.217,-0.466,-0.504,0.226,1.460,1.366,0.056,0.038,0.470,5.860,-0.729,0
2017,8,1.213,0.919,0.865,0.157,0.193,-0.479,-0.519,0.200,1.438,1.344,0.054,0.040,0.450,5.810,-0.751,0
2017,9,1.158,0.924,0.873,0.158,0.200,-0.473,-0.525,0.199,1.449,1.346,0.051,0.052,0.410,5.890,-0.771,0
2017,10,1.430,0.934,0.854,0.149,0.180,-0.493,-0.545,0.194,1.479,1.347,0.080,0.052,0.400,5.790,-0.810,0
2017,11,1.477,0.915,0.829,0.090,0.141,-0.547,-0.617,0.149,1.532,1.376,0.086,0.070,0.380,5.880,-1.056,0
2017,12,1.395,0.831,0.746,-0.006,0.039,-0.667,-0.756,0.037,1.587,1.413,0.085,0.089,0.370,5.890,-1.253,0
2018,1,1.386,0.775,0.686,-0.078,-0.029,-0.743,-0.807,-0.016,1.582,1.429,0.089,0.064,0.450,5.820,-1.415,0
2018,2,1.076,0.690,0.629,-0.077,-0.043,-0.714,-0.782,-0.046,1.472,1.343,0.061,0.068,0.400,5.770,-1.210,0
2018,3,1.673,0.974,0.911,0.157,0.226,-0.458,-0.511,0.231,1.485,1.369,0.063,0.053,0.410,5.940,-0.877,0
2018,4,1.339,0.846,0.781,0.057,0.108,-0.564,-0.616,0.115,1.462,1.345,0.065,0.052,0.380,5.760,-0.870,0
2018,5,1.158,0.892,0.812,0.083,0.134,-0.543,-0.578,0.157,1.470,1.355,0.080,0.035,0.430,5.680,-0.763,0
2018,6,1.273,0.962,0.880,0.166,0.212,-0.455,-0.492,0.235,1.454,1.335,0.082,0.037,0.410,5.710,-0.851,0
2018,7,1.268,0.901,0.835,0.132,0.170,-0.495,-0.531,0.185,1.432,1.330,0.066,0.036,0.480,5.800,-0.777,0
2018,8,1.339,0.947,0.885,0.167,0.206,-0.472,-0.512,0.217,1.459,1.357,0.062,0.040,0.440,5.730,-0.776,0
2018,9,1.439,0.969,0.906,0.179,0.228,-0.450,-0.497,0.236,1.466,1.356,0.063,0.047,0.390,5.770,-0.773,0
2018,12,1.447,0.901,0.810,0.093,0.135,-0.539,-0.603,0.149,1.504,1.349,0.091,0.064,0.410,5.840,-0.970,0
2019,1,1.423,0.881,0.777,0.071,0.108,-0.561,-0.652,0.114,1.533,1.338,0.104,0.091,0.440,5.960,-1.403,0
2019,2,1.229,0.808,0.716,-0.025,0.026,-0.663,-0.743,0.032,1.551,1.379,0.092,0.080,0.420,5.970,-1.149,0
2019,3,1.402,0.792,0.729,0.043,0.084,-0.560,-0.610,0.091,1.402,1.289,0.063,0.050,0.460,5.850,-1.044,0
2019,4,1.424,0.847,0.772,0.081,0.112,-0.547,-0.595,0.126,1.442,1.319,0.075,0.048,0.420,5.780,-1.004,0
2019,5,1.315,0.945,0.859,0.159,0.200,-0.458,-0.490,0.227,1.435,1.317,0.086,0.032,0.490,5.860,-0.674,0
2019,6,1.179,0.956,0.880,0.181,0.214,-0.451,-0.490,0.233,1.446,1.331,0.076,0.039,0.450,5.780,-0.684,0
2019,7,1.267,0.971,0.904,0.182,0.229,-0.446,-0.489,0.241,1.460,1.350,0.067,0.043,0.450,5.790,-0.686,0
2019,8,1.296,0.966,0.919,0.183,0.225,-0.469,-0.516,0.225,1.482,1.388,0.047,0.047,0.460,5.860,-0.882,0
2019,9,1.346,0.953,0.902,0.167,0.210,-0.481,-0.537,0.208,1.490,1.383,0.051,0.056,0.440,5.840,-0.864,0
2019,10,1.418,1.015,0.952,0.212,0.274,-0.404,-0.459,0.278,1.474,1.356,0.063,0.055,0.410,5.900,-0.818,0
2019,11,1.276,0.924,0.861,0.133,0.184,-0.492,-0.548,0.188,1.472,1.353,0.063,0.056,0.410,5.940,-0.950,0
2019,12,1.248,0.854,0.778,0.087,0.133,-0.511,-0.586,0.134,1.440,1.289,0.076,0.075,0.450,5.880,-1.018,0
2020,1,1.238,0.859,0.777,0.079,0.113,-0.551,-0.601,0.129,1.460,1.328,0.082,0.050,0.430,5.910,-1.149,0
2020,2,1.230,0.821,0.754,0.046,0.082,-0.589,-0.673,0.074,1.494,1.343,0.067,0.084,0.350,5.990,-1.210,0
2020,3,1.276,0.867,0.795,0.094,0.139,-0.516,-0.571,0.148,1.438,1.311,0.072,0.055,0.410,5.810,-0.925,0
2020,4,1.458,0.943,0.879,0.168,0.228,-0.422,-0.485,0.229,1.428,1.301,0.064,0.063,0.370,5.950,-0.740,0
2020,5,1.510,0.866,0.792,0.072,0.127,-0.538,-0.578,0.144,1.444,1.330,0.074,0.040,0.360,5.860,-0.957,0
2020,6,1.297,0.956,0.886,0.155,0.210,-0.466,-0.500,0.228,1.456,1.352,0.070,0.034,0.420,5.720,-0.784,0
2020,7,1.283,0.983,0.913,0.192,0.241,-0.431,-0.468,0.257,1.451,1.344,0.070,0.037,0.450,5.800,-0.631,0
2020,8,1.185,0.945,0.882,0.165,0.207,-0.467,-0.516,0.214,1.461,1.349,0.063,0.049,0.440,5.780,-0.749,0
2020,9,1.457,0.917,0.856,0.150,0.185,-0.485,-0.538,0.189,1.455,1.341,0.061,0.053,0.440,5.890,-0.837,0
2020,10,1.332,0.899,0.824,0.125,0.162,-0.500,-0.559,0.170,1.458,1.324,0.075,0.059,0.430,5.860,-0.960,0
2020,11,1.446,0.842,0.769,0.069,0.104,-0.560,-0.609,0.116,1.451,1.329,0.073,0.049,0.450,5.900,-1.038,0
2020,12,1.290,0.891,0.801,0.101,0.152,-0.496,-0.564,0.163,1.455,1.297,0.090,0.068,0.450,5.850,-0.997,0

